{"75": {"name": 75, "gender": "F", "lifeState": 1, "pos": [1.19976, 30.82996], "genome": [29, 1, 15, 2, 729, 2], "energy": 219.7342130776335, "status": "Wandering", "parents": ["", ""]}, "43": {"name": 43, "gender": "M", "lifeState": 1, "pos": [-16.0, -60.0], "genome": [29, 1, 19, 2, 871, 2], "energy": 673.2465340604119, "status": "Eating A Plant", "parents": ["", ""]}, "7": {"name": 7, "gender": "M", "lifeState": 1, "pos": [6.15542, -10.68916], "genome": [16, 1, 16, 3, 546, 2], "energy": 614.3122119494664, "status": "Moving towards 85III", "parents": ["", ""]}, "95": {"name": 95, "gender": "F", "lifeState": 1, "pos": [-46.15491, 9.59139], "genome": [23, 1, 13, 4, 835, 2], "energy": 1021.6252260955943, "status": "Moving towards 87", "parents": ["", ""]}, "44": {"name": 44, "gender": "F", "lifeState": 0, "pos": [53.0, -21.0], "genome": [17, 1, 16, 3, 665, 2], "energy": 439.5931075886327, "status": "XD", "parents": ["", ""]}, "27": {"name": 27, "gender": "F", "lifeState": 0, "pos": [26.0, 16.0], "genome": [30, 1, 20, 4, 615, 2], "energy": -22.12329056042403, "status": "XD", "parents": ["", ""]}, "74": {"name": 74, "gender": "M", "lifeState": 0, "pos": [25.09428, -15.15141], "genome": [11, 1, 13, 3, 614, 2], "energy": 829.0333978590297, "status": "XD", "parents": ["", ""]}, "37": {"name": 37, "gender": "F", "lifeState": 1, "pos": [53.26863, -35.86201], "genome": [26, 1, 11, 2, 583, 2], "energy": 534.8363376062289, "status": "Eating A Plant", "parents": ["", ""]}, "46": {"name": 46, "gender": "M", "lifeState": 1, "pos": [60.0077, 79.06595], "genome": [28, 1, 10, 3, 621, 2], "energy": 465.25396491057927, "status": "Eating A Plant", "parents": ["", ""]}, "78": {"name": 78, "gender": "M", "lifeState": 1, "pos": [40.0, -15.0], "genome": [22, 1, 15, 4, 886, 2], "energy": 181.5285600680945, "status": "Eating A Plant", "parents": ["", ""]}, "87": {"name": 87, "gender": "M", "lifeState": 1, "pos": [-29.49485, -37.53978], "genome": [27, 1, 13, 3, 808, 2], "energy": 836.6712276566254, "status": "Moving towards 95", "parents": ["", ""]}, "73": {"name": 73, "gender": "M", "lifeState": 1, "pos": [-3.85985, -40.66308], "genome": [21, 1, 16, 4, 810, 2], "energy": 848.6270905009499, "status": "Moving towards 69", "parents": ["", ""]}, "26": {"name": 26, "gender": "F", "lifeState": 0, "pos": [25.09428, -15.15141], "genome": [26, 1, 13, 4, 862, 2], "energy": 967.2056308355346, "status": "XD", "parents": ["", ""]}, "85": {"name": 85, "gender": "M", "lifeState": 1, "pos": [83.07099, -13.87292], "genome": [28, 1, 16, 2, 699, 2], "energy": 619.2119182005895, "status": "Eating A Plant", "parents": ["", ""]}, "74II": {"name": "74II", "gender": "F", "lifeState": 0, "pos": [-22.79777, -21.03405], "genome": [26, 1, 14, 4, 622, 2], "energy": 590.4354019398221, "status": "XD", "parents": ["", ""]}, "41": {"name": 41, "gender": "F", "lifeState": 0, "pos": [-30.0174, 27.67409], "genome": [16, 1, 16, 3, 585, 2], "energy": 480.59999999999997, "status": "XD", "parents": ["", ""]}, "71": {"name": 71, "gender": "M", "lifeState": 1, "pos": [-82.0, 52.0], "genome": [27, 1, 10, 2, 928, 2], "energy": 722.784924680815, "status": "Eating A Plant", "parents": ["", ""]}, "7II": {"name": "7II", "gender": "M", "lifeState": 0, "pos": [3.06727, 24.33945], "genome": [12, 1, 20, 3, 924, 2], "energy": 531.9461722302079, "status": "XD", "parents": ["", ""]}, "49": {"name": 49, "gender": "M", "lifeState": 1, "pos": [61.0, 13.0], "genome": [30, 1, 11, 3, 788, 2], "energy": 327.4289139190555, "status": "Eating A Plant", "parents": ["", ""]}, "65": {"name": 65, "gender": "M", "lifeState": 0, "pos": [-19.18255, 9.6823], "genome": [12, 1, 10, 2, 739, 2], "energy": 862.7537887487647, "status": "XD", "parents": ["", ""]}, "25": {"name": 25, "gender": "F", "lifeState": 1, "pos": [-32.79473, 59.3842], "genome": [17, 1, 12, 3, 615, 2], "energy": 267.19412966391417, "status": "Eating A Plant", "parents": ["", ""]}, "12": {"name": 12, "gender": "F", "lifeState": 0, "pos": [-46.94586, -5.32408], "genome": [21, 1, 17, 3, 510, 2], "energy": 701.5131670194949, "status": "XD", "parents": ["", ""]}, "32": {"name": 32, "gender": "M", "lifeState": 1, "pos": [-66.08496, 28.86209], "genome": [11, 1, 10, 4, 989, 2], "energy": 125.82633606417113, "status": "Eating A Plant", "parents": ["", ""]}, "51": {"name": 51, "gender": "F", "lifeState": 1, "pos": [74.0, 15.0], "genome": [27, 1, 17, 2, 921, 2], "energy": 713.1298861523654, "status": "Eating A Plant", "parents": ["", ""]}, "10": {"name": 10, "gender": "F", "lifeState": 0, "pos": [-77.89524, -5.5196], "genome": [19, 1, 20, 2, 643, 2], "energy": 909, "status": "XD", "parents": ["", ""]}, "79": {"name": 79, "gender": "M", "lifeState": 0, "pos": [-22.79777, -21.03405], "genome": [19, 1, 20, 3, 629, 2], "energy": 688.8413022631257, "status": "XD", "parents": ["", ""]}, "82": {"name": 82, "gender": "M", "lifeState": 1, "pos": [-43.77773, -2.06129], "genome": [27, 1, 12, 3, 685, 2], "energy": 118.5587187009487, "status": "Eating A Plant", "parents": ["", ""]}, "94": {"name": 94, "gender": "F", "lifeState": 0, "pos": [3.06727, 24.33945], "genome": [11, 1, 18, 3, 722, 2], "energy": 620.6038676019093, "status": "XD", "parents": ["", ""]}, "72": {"name": 72, "gender": "M", "lifeState": 0, "pos": [-26.23203, 44.62558], "genome": [18, 1, 12, 4, 757, 2], "energy": 1366.3750281612602, "status": "XD", "parents": ["", ""]}, "37II": {"name": "37II", "gender": "F", "lifeState": 0, "pos": [42.0, 0.0], "genome": [25, 1, 20, 3, 825, 2], "energy": 475.4784529511234, "status": "eaten", "parents": ["", ""]}, "51II": {"name": "51II", "gender": "F", "lifeState": 0, "pos": [-12.90499, 26.48129], "genome": [20, 1, 18, 3, 595, 2], "energy": 691.2757031151281, "status": "eaten", "parents": ["", ""]}, "82II": {"name": "82II", "gender": "M", "lifeState": 0, "pos": [-62.44414, 42.00822], "genome": [29, 1, 12, 2, 949, 2], "energy": 750.3510361150621, "status": "XD", "parents": ["", ""]}, "28": {"name": 28, "gender": "M", "lifeState": 1, "pos": [-22.24237, -17.49657], "genome": [30, 1, 15, 3, 575, 2], "energy": 136.70750454129677, "status": "Eating A Plant", "parents": ["", ""]}, "32II": {"name": "32II", "gender": "M", "lifeState": 0, "pos": [-30.0174, 27.67409], "genome": [20, 1, 12, 3, 682, 2], "energy": 560.6999999999999, "status": "XD", "parents": ["", ""]}, "61": {"name": 61, "gender": "F", "lifeState": 1, "pos": [60.83613, 77.5632], "genome": [29, 1, 18, 2, 745, 2], "energy": 363.31287986045106, "status": "Eating A Plant", "parents": ["", ""]}, "39": {"name": 39, "gender": "F", "lifeState": 1, "pos": [40.0, -2.0], "genome": [13, 1, 19, 3, 545, 2], "energy": 503.34073453227757, "status": "FIGHT!", "parents": ["", ""]}, "58": {"name": 58, "gender": "F", "lifeState": 0, "pos": [3.63149, -8.15742], "genome": [10, 1, 14, 3, 861, 2], "energy": 388.515227792717, "status": "XD", "parents": ["", ""]}, "27II": {"name": "27II", "gender": "M", "lifeState": 0, "pos": [-26.99086, -7.72504], "genome": [22, 1, 18, 3, 539, 2], "energy": 255.5355292497685, "status": "XD", "parents": ["", ""]}, "87II": {"name": "87II", "gender": "F", "lifeState": 1, "pos": [-74.42229, -49.3226], "genome": [30, 1, 20, 3, 688, 2], "energy": 605.5526041705069, "status": "Eating A Plant", "parents": ["", ""]}, "85II": {"name": "85II", "gender": "M", "lifeState": 1, "pos": [26.80809, 49.96489], "genome": [23, 1, 11, 4, 741, 2], "energy": 3.6666666666666856, "status": "Eating A Plant", "parents": ["", ""]}, "9": {"name": 9, "gender": "M", "lifeState": 1, "pos": [-52.69406, -39.16304], "genome": [26, 1, 19, 4, 861, 2], "energy": 1168.921429846155, "status": "Moving towards 30", "parents": ["", ""]}, "26II": {"name": "26II", "gender": "M", "lifeState": 1, "pos": [-33.14929, -41.40285], "genome": [26, 1, 20, 2, 701, 2], "energy": 351.74208164351603, "status": "Eating A Plant", "parents": ["", ""]}, "62": {"name": 62, "gender": "F", "lifeState": 0, "pos": [-32.01157, 32.66309], "genome": [18, 1, 19, 3, 907, 2], "energy": 468.23363540344985,