{"14": {"name": 14, "gender": "M", "lifeState": 1, "pos": [6.01923, -9.40802], "genome": [25, 1, 20, 2, 400, 2], "energy": 401.9553493699015, "status": "Waiting for mate"}, "23": {"name": 23, "gender": "M", "lifeState": 1, "pos": [68.85613, -32.67372], "genome": [27.5, 1, 18.0, 2, 400, 2], "energy": 515.9316576073742, "status": "Waiting for mate"}, "12": {"name": 12, "gender": "F", "lifeState": 1, "pos": [-33.0, 8.0], "genome": [20, 1, 16.2, 2, 360.0, 2], "energy": 407.60892254424937, "status": "Waiting for mate"}, "59": {"name": 59, "gender": "M", "lifeState": 1, "pos": [22.0, -35.0], "genome": [25, 1, 26, 2, 400, 1.8], "energy": 204.61414950311422, "status": "Eating A Plant"}, "85": {"name": 85, "gender": "M", "lifeState": 1, "pos": [-1.0, -39.0], "genome": [25, 1, 20, 2, 400, 2], "energy": 500.51437469355824, "status": "Eating A Plant"}, "79": {"name": 79, "gender": "F", "lifeState": 1, "pos": [12.80883, 1.49176], "genome": [22.0, 6, 18.0, 2, 400, 2], "energy": 545.5127104301079, "status": "Moving towards 10"}, "35": {"name": 35, "gender": "F", "lifeState": 1, "pos": [72.0, -75.0], "genome": [25, 1, 20, 2, 400, 2], "energy": 492.12066315122513, "status": "Waiting for mate"}, "11": {"name": 11, "gender": "F", "lifeState": 1, "pos": [-10.0, -7.0], "genome": [20, 6, 18.0, 1.8, 400, 2], "energy": 683.2972365742397, "status": "Waiting for mate"}, "7III": {"name": "7III", "gender": "F", "lifeState": 1, "pos": [15.01682, -11.69383], "genome": [25, 0.9, 26, 2, 400, 2], "energy": 685.8640627707158, "status": "Waiting for mate"}, "9": {"name": 9, "gender": "F", "lifeState": 1, "pos": [58.00015, -55.46604], "genome": [27.5, 1, 20, 2, 400, 2], "energy": 403.1621534002269, "status": "Waiting for mate"}, "95": {"name": 95, "gender": "F", "lifeState": 1, "pos": [29.52242, -75.55859], "genome": [25, 1, 20, 2, 400, 2], "energy": 504.4121534002269, "status": "Waiting for mate"}, "71": {"name": 71, "gender": "M", "lifeState": 1, "pos": [-73.0, -15.0], "genome": [20, 1, 16.2, 2, 360.0, 2], "energy": 545.7725428373692, "status": "Waiting for mate"}, "2": {"name": 2, "gender": "F", "lifeState": 1, "pos": [-2.0, -57.0], "genome": [25, 1, 16.2, 2, 400, 1.8], "energy": 453.1298788385265, "status": "Waiting for mate"}, "82": {"name": 82, "gender": "F", "lifeState": 1, "pos": [3.61499, -20.27571], "genome": [22.5, 6, 18.0, 2, 360.0, 2], "energy": 201.65757753423134, "status": "Wandering"}, "81": {"name": 81, "gender": "F", "lifeState": 1, "pos": [-8.0, -13.0], "genome": [22.0, 6, 19.8, 2, 400, 2], "energy": 496.848122062504, "status": "Waiting for mate"}, "75": {"name": 75, "gender": "M", "lifeState": 1, "pos": [-0.00497, -72.9731], "genome": [22.0, 6, 18.0, 2, 400, 2], "energy": 60.50364543044584, "status": "Eating A Plant"}, "55": {"name": 55, "gender": "F", "lifeState": 1, "pos": [64.0, -43.0], "genome": [25, 6, 18.0, 1.8, 360.0, 1.8], "energy": 426.5114769728888, "status": "Waiting for mate"}, "24": {"name": 24, "gender": "F", "lifeState": 1, "pos": [-20.0, -28.0], "genome": [20, 6, 18.0, 1.8, 400, 2], "energy": 540.1484276079799, "status": "Waiting for mate"}, "15": {"name": 15, "gender": "F", "lifeState": 1, "pos": [13.32251, -22.96634], "genome": [20, 6, 18.0, 1.8, 400, 2], "energy": 424.1347154796125, "status": "Waiting for mate"}, "67": {"name": 67, "gender": "M", "lifeState": 1, "pos": [-2.0, -15.0], "genome": [22.0, 6, 19.8, 1.62, 400, 2], "energy": 208.0552673623042, "status": "Eating A Plant"}, "99": {"name": 99, "gender": "M", "lifeState": 1, "pos": [-89.0, -37.0], "genome": [22.0, 6, 19.8, 2, 400, 2], "energy": 353.7605421650565, "status": "Eating A Plant"}, "87II": {"name": "87II", "gender": "F", "lifeState": 1, "pos": [-6.05925, -56.77138], "genome": [22.0, 6, 19.8, 2, 400, 2], "energy": 441.12523544552965, "status": "Waiting for mate"}, "37": {"name": 37, "gender": "F", "lifeState": 1, "pos": [-6.16527, -65.39808], "genome": [22.0, 6, 18.0, 2, 400, 2], "energy": 168.41212374783183, "status": "Wandering"}, "26": {"name": 26, "gender": "F", "lifeState": 1, "pos": [33.76863, 2.99691], "genome": [20, 6, 18.0, 2, 400, 2], "energy": 418.52961455764694, "status": "Waiting for mate"}, "24II": {"name": "24II", "gender": "F", "lifeState": 1, "pos": [53.79077, -4.07161], "genome": [22.0, 6, 19.8, 2, 400, 2], "energy": 435.8085990094388, "status": "Waiting for mate"}, "10": {"name": 10, "gender": "M", "lifeState": 1, "pos": [-12.20346, -2.30124], "genome": [20, 6, 18.0, 2, 400, 2], "energy": 457.25576339470615, "status": "Moving towards 79"}, "31": {"name": 31, "gender": "F", "lifeState": 1, "pos": [19.41285, -42.79013], "genome": [20, 5.4, 19.8, 2, 400, 2], "energy": 503.43024353331697, "status": "Waiting for mate"}, "9II": {"name": "9II", "gender": "F", "lifeState": 1, "pos": [43.0, -82.0], "genome": [22.0, 6, 19.8, 1.62, 400, 2], "energy": 528.4625803578537, "status": "Waiting for mate"}, "97": {"name": 97, "gender": "F", "lifeState": 1, "pos": [4.0, 8.0], "genome": [22.0, 6, 19.8, 2, 400, 2], "energy": 380.0856735316437, "status": "Eating A Plant"}, "60": {"name": 60, "gender": "F", "lifeState": 1, "pos": [69.54017, 21.87259], "genome": [20, 6, 18.0, 2, 400, 2], "energy": 492.9693664495336, "status": "Waiting for mate"}, "45": {"name": 45, "gender": "M", "lifeState": 1, "pos": [75.07031, 2.54426], "genome": [22.0, 6, 18.0, 2, 400, 2], "energy": 163.62044393409076, "status": "Wandering"}, "22": {"name": 22, "gender": "M", "lifeState": 1, "pos": [0.0, 16.0], "genome": [22.5, 6, 18.0, 2, 440.0, 2], "energy": 224.1258386389311, "status": "Eating A Plant"}, "59II": {"name": "59II", "gender": "M", "lifeState": 1, "pos": [-23.0, 31.0], "genome": [22.0, 5.4, 18.0, 1.8, 400, 2], "energy": 408.49128493317744, "status": "Waiting for mate"}, "26II": {"name": "26II", "gender": "F", "lifeState": 1, "pos": [75.87131, 3.75377], "genome": [18.0, 6, 20, 1.8, 400, 2], "energy": 238.6825107450826, "status": "Wandering"}, "12II": {"name": "12II", "gender": "M", "lifeState": 1, "pos": [65.60717, -35.17348], "genome": [18.0, 6, 18.0, 1.8, 400, 2], "energy": 434.20180399339745, "status": "Waiting for mate"}, "42": {"name": 42, "gender": "M", "lifeState": 1, "pos": [53.1596, -2.20615], "genome": [18.0, 6, 20, 1.8, 440.0, 2], "energy": 363.55199256725973, "status": "Wandering"}, "66II": {"name": "66II", "gender": "M", "lifeState": 1, "pos": [52.0, -90.0], "genome": [18.0, 6, 20, 2, 400, 2], "energy": 337.23735243368105, "status": "Eating A Plant"}, "36": {"name": 36, "gender": "M", "lifeState": 1, "pos": [-20.0, -56.0], "genome": [20, 6, 19.8, 1.8, 400, 2.2], "energy": 406.49379596945954, "status": "Waiting for mate"}, "9III": {"name": "9III", "gender": "F", "lifeState": 1, "pos": [51.0, -44.0], "genome": [22.0, 6, 17.82, 1.8, 400, 2], "energy": 429.56344606604864, "status": "Eating A Plant"}, "97II": {"name": "97II", "gender": "F", "lifeState": 1, "pos": [-13.0, -68.0], "genome": [22.0, 5.4, 19.8, 2, 400, 1.8], "energy": 505.0428623738033, "status": "Waiting for mate"}, "28": {"name": 28, "gender": "F", "lifeState": 1, "pos": [18.29061, 14.79484], "genome": [22.0, 6, 19.8, 2, 400, 2], "energy": 591.8769835954887, "status": "Waiting for mate"}, "7": {"name": 7, "gender": "F", "lifeState": 1, "pos": [44.3696, 3.57538], "genome": [25, 1, 18.0, 2, 440.0, 1.8], "energy": 183.65757753423134, "status": "Wandering"}, "86": {"name": 86, "gender": "F", "lifeState": 1, "pos": [16.68735, -12.60166], "genome": [22.5, 6, 18.0, 2, 400, 2], "energy": 183.65757753423134, "status": "Wandering"}}