{"59": {"name": 59, "gender": "F", "lifeState": 1, "pos": [62.84756, 1.79499], "genome": [20, 1, 18, 2, 647, 2], "energy": 776.3138710526722, "status": "Waiting for mate", "parents": ["", ""]}, "12": {"name": 12, "gender": "F", "lifeState": 0, "pos": [-62.39325, 22.38231], "genome": [11, 1, 15, 3, 720, 2], "energy": 628.3513487927138, "status": "eaten", "parents": ["", ""]}, "1": {"name": 1, "gender": "M", "lifeState": 1, "pos": [-33.0, 24.0], "genome": [25, 1, 12, 4, 663, 2], "energy": 441.6273668790085, "status": "Eating A Plant", "parents": ["", ""]}, "15": {"name": 15, "gender": "M", "lifeState": 1, "pos": [-11.0, -69.0], "genome": [16, 1, 10, 2, 935, 2], "energy": 1052.2076213888772, "status": "Eating A Plant", "parents": ["", ""]}, "78": {"name": 78, "gender": "F", "lifeState": 1, "pos": [-49.61014, -9.21902], "genome": [22, 1, 13, 2, 797, 2], "energy": 818.9056775139651, "status": "Waiting for mate", "parents": ["", ""]}, "54": {"name": 54, "gender": "F", "lifeState": 1, "pos": [-6.89905, 18.6039], "genome": [26, 1, 14, 2, 576, 2], "energy": 205.38442603410317, "status": "Eating A Plant", "parents": ["", ""]}, "80": {"name": 80, "gender": "F", "lifeState": 1, "pos": [-22.37751, 25.87129], "genome": [30, 1, 15, 2, 813, 2], "energy": 77.26016266704369, "status": "Eating A Plant", "parents": ["", ""]}, "33": {"name": 33, "gender": "M", "lifeState": 1, "pos": [-51.49547, -19.59317], "genome": [20, 1, 10, 3, 926, 2], "energy": 1065.485718437148, "status": "Moving towards 50", "parents": ["", ""]}, "47": {"name": 47, "gender": "F", "lifeState": 1, "pos": [7.53633, -63.64758], "genome": [23, 1, 11, 3, 842, 2], "energy": 1021.2458881446241, "status": "Mated with 48", "parents": ["", ""]}, "13": {"name": 13, "gender": "F", "lifeState": 1, "pos": [-40.0, 30.0], "genome": [25, 1, 17, 3, 1000, 2], "energy": 426.2384609297567, "status": "Eating A Plant", "parents": ["", ""]}, "43": {"name": 43, "gender": "F", "lifeState": 1, "pos": [-86.0, -75.0], "genome": [19, 1, 15, 2, 741, 2], "energy": 536.2226909013018, "status": "Eating A Plant", "parents": ["", ""]}, "12II": {"name": "12II", "gender": "F", "lifeState": 1, "pos": [27.854, 83.1594], "genome": [14, 1, 12, 2, 791, 2], "energy": 899.4346696909168, "status": "Waiting for mate", "parents": ["", ""]}, "54II": {"name": "54II", "gender": "F", "lifeState": 1, "pos": [-29.57869, 30.41963], "genome": [21, 1, 10, 3, 951, 2], "energy": 640.4071986453234, "status": "Eating A Plant", "parents": ["", ""]}, "88": {"name": 88, "gender": "M", "lifeState": 1, "pos": [-74.0, -44.0], "genome": [29, 1, 16, 3, 810, 2], "energy": 94.47009196757729, "status": "Eating A Plant", "parents": ["", ""]}, "80II": {"name": "80II", "gender": "F", "lifeState": 1, "pos": [-68.0, -58.0], "genome": [15, 1, 13, 4, 728, 2], "energy": 488.64122304626613, "status": "Eating A Plant", "parents": ["", ""]}, "83": {"name": 83, "gender": "F", "lifeState": 1, "pos": [-53.33129, 9.0864], "genome": [29, 1, 10, 4, 811, 2], "energy": 190.7678927264675, "status": "Eating A Plant", "parents": ["", ""]}, "56II": {"name": "56II", "gender": "F", "lifeState": 1, "pos": [72.0, -20.0], "genome": [29, 1, 16, 2, 810, 2], "energy": 94.4265944847415, "status": "Eating A Plant", "parents": [88, 92]}, "12III": {"name": "12III", "gender": "F", "lifeState": 1, "pos": [-67.94471, -7.05534], "genome": [29, 1, 16, 2, 810, 2], "energy": 91.0262787982069, "status": "Eating A Plant", "parents": [88, 92]}, "90": {"name": 90, "gender": "F", "lifeState": 1, "pos": [44.95876, -37.92625], "genome": [29, 1, 14, 2, 576, 2], "energy": 224.8907031614317, "status": "Eating A Plant", "parents": ["43II", 54]}, "8": {"name": 8, "gender": "M", "lifeState": 1, "pos": [52.0, 16.0], "genome": [26, 1, 19, 2, 571, 2.2], "energy": 394.078908965172, "status": "Eating A Plant", "parents": ["43II", 54]}, "82": {"name": 82, "gender": "M", "lifeState": 0, "pos": [-62.39325, 22.38231], "genome": [17, 1, 17, 2, 797, 2], "energy": 733.0765735914995, "status": "FIGHT!", "parents": ["15II", "75II"]}, "63": {"name": 63, "gender": "M", "lifeState": 1, "pos": [-17.38327, -89.50779], "genome": [9.9, 1, 16, 4, 728, 2], "energy": 341.07981392319886, "status": "Wandering", "parents": [41, "40II"]}, "54III": {"name": "54III", "gender": "M", "lifeState": 1, "pos": [-32.0, -22.0], "genome": [14, 1, 17, 2, 522, 2], "energy": 199.8559168516261, "status": "Eating A Plant", "parents": [19, 75]}, "67": {"name": 67, "gender": "F", "lifeState": 1, "pos": [-5.27681, -7.65096], "genome": [26, 1, 16.2, 2, 571, 2.2], "energy": 626.5601469881307, "status": "Waiting for mate", "parents": [8, 79]}, "80IV": {"name": "80IV", "gender": "M", "lifeState": 1, "pos": [57.0, -37.0], "genome": [23, 1, 18, 2, 571, 2.2], "energy": 229.63690635856278, "status": "Eating A Plant", "parents": [8, 79]}, "3": {"name": 3, "gender": "F", "lifeState": 1, "pos": [-1.24025, -27.97862], "genome": [12, 1, 15, 4, 879, 2], "energy": 1038.5245513885768, "status": "Moving towards 24", "parents": [64, 94]}, "92III": {"name": "92III", "gender": "M", "lifeState": 1, "pos": [-87.0, -87.0], "genome": [23, 1, 15, 3, 741, 2.2], "energy": 516.4364862775751, "status": "Eating A Plant", "parents": [76, 43]}, "11": {"name": 11, "gender": "M", "lifeState": 1, "pos": [90.51877, -20.23402], "genome": [30, 1, 19, 2, 878, 2], "energy": 96.19031741737183, "status": "Eating A Plant", "parents": [91, 45]}, "50": {"name": 50, "gender": "F", "lifeState": 1, "pos": [-66.39329, -24.00855], "genome": [17, 1, 13, 2.2, 797, 2], "energy": 908.7557534222358, "status": "Moving towards 33", "parents": [82, "75II"]}, "7II": {"name": "7II", "gender": "F", "lifeState": 1, "pos": [-98.0, -18.0], "genome": [18, 1, 12, 2, 773, 2], "energy": 804.8198584497713, "status": "Waiting for mate", "parents": [44, 46]}, "84": {"name": 84, "gender": "M", "lifeState": 1, "pos": [59.0, 49.0], "genome": [25, 1, 17, 3, 773, 2], "energy": 290.4649358480809, "status": "Eating A Plant", "parents": [44, 46]}, "5II": {"name": "5II", "gender": "M", "lifeState": 1, "pos": [-21.68279, 23.58992], "genome": [29, 1, 16, 4, 556, 2], "energy": 1.471570427128995, "status": "Eating A Plant", "parents": [19, "80III"]}, "63III": {"name": "63III", "gender": "F", "lifeState": 1, "pos": [-39.0, 75.0], "genome": [24, 1, 15, 2, 552, 2.2], "energy": 192.77883532082825, "status": "Eating A Plant", "parents": ["91II", 20]}, "20II": {"name": "20II", "gender": "F", "lifeState": 1, "pos": [42.0, -83.0], "genome": [24, 1, 19, 2.2, 738, 2], "energy": 457.68836880471815, "status": "Eating A Plant", "parents": [18, 39]}, "98II": {"name": "98II", "gender": "F", "lifeState": 1, "pos": [54.0, -45.0], "genome": [24, 1, 20.9, 2.2, 552, 2], "energy": 444.77690947405017, "status": "Eating A Plant", "parents": [18, 39]}, "14": {"name": 14, "gender": "M", "lifeState": 1, "pos": [18.0, 45.0], "genome": [29, 1, 16, 4, 652, 2], "energy": 20.549923976630033, "status": "Eating A Plant", "parents": [63, 92]}, "24": {"name": 24, "gender": "M", "lifeState": 1, "pos": [21.35596, -23.76059], "genome": [15.4, 1, 17, 4, 569, 2], "energy": 692.1554712922443, "status": "Moving towards 3", "parents": [62, "40II"]}, "86": {"name": 86, "gender": "F", "lifeState": 1, "pos": [62.0, 5.0], "genome": [20, 1, 14, 4, 812, 2], "energy": 935.8968779760677, "status": "Eating A Plant", "parents": [62, "40II"]}, "75III": {"name": "75III", "gender": "F", "lifeState": 1, "pos": [-0.72703, 18.02974], "genome": [26, 1, 12, 3, 774, 2], "energy": 573.6449448993944, "status": "Eating A Plant", "parents": [0, 67]}, "41III": {"name": "41III", "gender": "M", "lifeState": 1, "pos": [-3.0, 40.0], "genome": [24, 1, 20, 3, 798, 2], "energy": 352.36593840385, "status": "Eating A Plant", "parents": ["94II", 38]}, "67II": {"name": "67II", "gender": "F", "lifeState": 1, "pos": [-75.0, -39.0], "genome": [29, 1, 16, 4, 729.0, 2], "energy": 42.254656563858504, "status": "Eating A Plant", "parents": [88, "80II"]}, "3II": {"name": "3II", "gender": "M", "lifeState": 1, "pos": [28.0, 90.0],