{"larry": {"name": "larry", "gender": "F", "lifeState": 1, "pos": [17.0, -25.0], "genome": [20, 6, 20, 3, 400, 2], "energy": 112.73355518244406, "status": "Eating A Plant"}, "garry": {"name": "garry", "gender": "M", "lifeState": 1, "pos": [14.0, -30.0], "genome": [25, 1, 26, 2, 400, 2], "energy": 603.3322969760789, "status": "Waiting for mate"}, "6": {"name": 6, "gender": "M", "lifeState": 1, "pos": [73.64378, -56.72599], "genome": [20, 1, 26, 3, 400, 2], "energy": 504.8832429494902, "status": "Moving towards 93II"}, "24": {"name": 24, "gender": "M", "lifeState": 1, "pos": [96.0, -12.0], "genome": [20, 6.6, 26, 2, 400, 2], "energy": 476.74031757876395, "status": "Waiting for mate"}, "53": {"name": 53, "gender": "M", "lifeState": 1, "pos": [29.0, -22.0], "genome": [25, 6.6, 26, 2, 400, 2], "energy": 126.79726524265789, "status": "Eating A Plant"}, "86": {"name": 86, "gender": "M", "lifeState": 1, "pos": [67.0, 8.0], "genome": [20, 1, 20, 2, 400, 2], "energy": 467.54833081982923, "status": "Waiting for mate"}, "93II": {"name": "93II", "gender": "F", "lifeState": 1, "pos": [17.1971, -23.21077], "genome": [20, 5.9399999999999995, 20, 2, 400, 2], "energy": 471.1092210974242, "status": "Moving towards 6"}, "65": {"name": 65, "gender": "M", "lifeState": 1, "pos": [-6.0, 11.0], "genome": [20, 6, 22.0, 3, 400, 2], "energy": 751.6640872330157, "status": "Eating A Plant"}, "63": {"name": 63, "gender": "M", "lifeState": 1, "pos": [4.0, 15.0], "genome": [25, 6, 20, 3, 400, 2], "energy": 344.4975332663666, "status": "Eating A Plant"}, "1": {"name": 1, "gender": "F", "lifeState": 1, "pos": [55.34776, 13.46786], "genome": [25, 6, 20, 3, 400, 2], "energy": 413.00129601981234, "status": "Eating A Plant"}}