{"garry": {"name": "garry", "gender": "M", "lifeState": 1, "pos": [5.40893, 35.43985], "genome": [25, 1, 26, 2, 400, 2], "energy": 474.0810671388191, "status": "Moving towards 45"}, "10": {"name": 10, "gender": "F", "lifeState": 1, "pos": [29.0, -72.0], "genome": [22.0, 1, 20, 3, 400, 2], "energy": 433.3772542306792, "status": "Waiting for mate"}, "41": {"name": 41, "gender": "F", "lifeState": 1, "pos": [43.63678, 13.56333], "genome": [25, 0.9, 20, 2.7, 400, 2], "energy": 424.6322444898299, "status": "Moving towards 32II"}, "44": {"name": 44, "gender": "M", "lifeState": 1, "pos": [-51.0, 58.0], "genome": [20, 1, 20, 2, 484.0, 2], "energy": -278.9355016754803, "status": "Eating A Plant"}, "11": {"name": 11, "gender": "F", "lifeState": 1, "pos": [48.18944, 70.19531], "genome": [20, 1, 20, 3, 400, 2], "energy": 613.0497294205609, "status": "Waiting for mate"}, "46II": {"name": "46II", "gender": "F", "lifeState": 1, "pos": [48.0, -34.0], "genome": [20, 1, 20, 3, 435.6, 2], "energy": 203.1269909520856, "status": "Eating A Plant"}, "71II": {"name": "71II", "gender": "F", "lifeState": 1, "pos": [51.0, -65.0], "genome": [22.0, 6, 20, 3, 440.0, 2], "energy": 437.97587617751554, "status": "Eating A Plant"}, "49": {"name": 49, "gender": "M", "lifeState": 1, "pos": [-6.0, 91.0], "genome": [20, 1, 26, 2.7, 400, 2], "energy": 169.19736000000853, "status": "Eating A Plant"}, "32": {"name": 32, "gender": "F", "lifeState": 1, "pos": [-62.0, 13.0], "genome": [22.0, 1, 26, 2, 360.0, 2], "energy": 216.52102000810433, "status": "Eating A Plant"}, "72": {"name": 72, "gender": "M", "lifeState": 1, "pos": [-5.2086, -3.13497], "genome": [22.0, 5.9399999999999995, 20, 3, 400, 2], "energy": 490.13785298207716, "status": "Eating A Plant"}, "37": {"name": 37, "gender": "M", "lifeState": 1, "pos": [52.8387, -28.52831], "genome": [20, 1, 20, 3, 396.0, 2], "energy": 210.4312643003455, "status": "Mated with 8"}, "46": {"name": 46, "gender": "F", "lifeState": 1, "pos": [7.0, 20.0], "genome": [25, 1, 23.4, 2.7, 400, 2], "energy": 38.08576496752505, "status": "Eating A Plant"}, "93": {"name": 93, "gender": "F", "lifeState": 1, "pos": [13.0, 27.0], "genome": [20, 1, 20, 3, 400, 2], "energy": 152.99613242523552, "status": "Eating A Plant"}, "62": {"name": 62, "gender": "F", "lifeState": 1, "pos": [10.27948, 13.26171], "genome": [20, 1, 20, 3, 400, 2], "energy": 449.01230955081087, "status": "Waiting for mate"}, "67": {"name": 67, "gender": "M", "lifeState": 1, "pos": [4.0, -51.0], "genome": [27.5, 0.9, 20, 3, 396.0, 2], "energy": 191.97081411307994, "status": "Eating A Plant"}, "23": {"name": 23, "gender": "F", "lifeState": 1, "pos": [-52.36233, -67.20579], "genome": [25, 1, 26, 2, 400, 2], "energy": 172.97313031096692, "status": "Wandering"}, "49II": {"name": "49II", "gender": "F", "lifeState": 1, "pos": [-10.0, -28.0], "genome": [19.8, 1, 23.4, 2, 360.0, 2], "energy": 530.7295565574507, "status": "Waiting for mate"}, "28": {"name": 28, "gender": "F", "lifeState": 1, "pos": [49.0, -16.0], "genome": [25, 1, 23.4, 2, 360.0, 2], "energy": 433.5767000786941, "status": "Waiting for mate"}, "45": {"name": 45, "gender": "F", "lifeState": 1, "pos": [3.3732, 47.37043], "genome": [25, 1, 26, 2, 360.0, 2], "energy": 430.2678640385836, "status": "Moving towards garry"}, "15": {"name": 15, "gender": "F", "lifeState": 1, "pos": [68.0, 46.0], "genome": [25, 0.9, 26, 2, 360.0, 2], "energy": 288.2204045641354, "status": "Eating A Plant"}, "6": {"name": 6, "gender": "M", "lifeState": 1, "pos": [22.0, 88.0], "genome": [22.0, 1, 26, 2.7, 400, 2], "energy": 404.04268950499153, "status": "Eating A Plant"}, "49III": {"name": "49III", "gender": "F", "lifeState": 1, "pos": [-8.44773, 39.83916], "genome": [25, 0.9, 26, 2, 324.0, 2], "energy": 329.815314573822, "status": "Waiting for mate"}, "80": {"name": 80, "gender": "F", "lifeState": 1, "pos": [41.0, 49.0], "genome": [25, 0.9, 26, 2, 360.0, 1.8], "energy": 48.40143769275151, "status": "Eating A Plant"}, "32II": {"name": "32II", "gender": "M", "lifeState": 1, "pos": [57.49305, 28.77745], "genome": [25, 1, 26, 2, 360.0, 2], "energy": 454.66828782439677, "status": "Moving towards 41"}, "77": {"name": 77, "gender": "M", "lifeState": 1, "pos": [18.0, -49.0], "genome": [22.5, 0.9, 20, 2, 400, 2], "energy": 496.45991241972115, "status": "Eating A Plant"}, "40": {"name": 40, "gender": "M", "lifeState": 1, "pos": [56.0, -38.0], "genome": [24.2, 0.9, 20, 3, 440.0, 2], "energy": 384.41067969858113, "status": "Eating A Plant"}, "8": {"name": 8, "gender": "F", "lifeState": 1, "pos": [52.8387, -28.52831], "genome": [27.5, 6, 20, 3, 435.6, 2], "energy": 210.4312643003455, "status": "Mated with 37"}, "96": {"name": 96, "gender": "F", "lifeState": 1, "pos": [42.0, 15.0], "genome": [27.5, 1.1, 20, 3, 400, 2], "energy": 297.01152285056133, "status": "Eating A Plant"}, "59": {"name": 59, "gender": "F", "lifeState": 1, "pos": [83.0, 43.0], "genome": [20, 1, 20, 2, 400, 2], "energy": 440.47443321570876, "status": "Waiting for mate"}, "14": {"name": 14, "gender": "F", "lifeState": 1, "pos": [44.23772, 86.62932], "genome": [20, 1, 20, 3, 400, 2], "energy": 296.1051457079541, "status": "Wandering"}, "36": {"name": 36, "gender": "M", "lifeState": 1, "pos": [48.0, -23.0], "genome": [20, 6, 20, 3, 396.0, 2], "energy": 202.38554064450818, "status": "Eating A Plant"}, "19": {"name": 19, "gender": "M", "lifeState": 1, "pos": [41.07128, -49.50419], "genome": [20, 1, 20, 3, 396.0, 2], "energy": 190.4312643003455, "status": "Wandering"}}