{"97II": {"name": "97II", "gender": "F", "lifeState": 1, "pos": [0.54448, 60.73682], "genome": [25, 1, 26, 2, 400, 2], "energy": 746.4678425196221, "status": "Waiting for mate", "parents": ["garry", 37]}, "78": {"name": 78, "gender": "F", "lifeState": 1, "pos": [-37.26878, 3.69129], "genome": [22.0, 6, 26, 2, 400, 2], "energy": 648.2703421859911, "status": "Waiting for mate", "parents": [66, 35]}, "10": {"name": 10, "gender": "F", "lifeState": 1, "pos": [15.63135, 66.39765], "genome": [20, 5.4, 26, 2, 400, 1.8], "energy": -22.569189743387604, "status": "Wandering", "parents": ["55II", 13]}, "73": {"name": 73, "gender": "M", "lifeState": 1, "pos": [-17.0, 74.0], "genome": [20, 6.6, 20, 2, 400, 1.8], "energy": 193.2858894353963, "status": "Eating A Plant", "parents": [18, "28II"]}, "62": {"name": 62, "gender": "F", "lifeState": 1, "pos": [-19.0, -9.0], "genome": [20, 6, 20, 2, 400, 2], "energy": 301.9537646531493, "status": "Eating A Plant", "parents": ["13II", "35II"]}, "29II": {"name": "29II", "gender": "M", "lifeState": 1, "pos": [26.0, 12.0], "genome": [20, 6, 23.4, 2, 400, 2], "energy": 603.6591158761753, "status": "Eating A Plant", "parents": ["35III", 0]}, "36": {"name": 36, "gender": "M", "lifeState": 1, "pos": [27.0, 97.0], "genome": [20, 6, 26, 2, 400, 2.2], "energy": 498.0560879062835, "status": "Eating A Plant", "parents": ["55II", "63II"]}, "67": {"name": 67, "gender": "M", "lifeState": 1, "pos": [20.0, -42.0], "genome": [20, 6, 26, 2, 400, 2.2], "energy": 221.35610495990306, "status": "Eating A Plant", "parents": ["55II", "63II"]}, "61": {"name": 61, "gender": "F", "lifeState": 1, "pos": [-18.4527, 57.50564], "genome": [22.0, 6.6, 26, 2, 400, 1.8], "energy": 213.9969411630097, "status": "Mated with 29III", "parents": [18, 13]}, "35IV": {"name": "35IV", "gender": "F", "lifeState": 1, "pos": [-0.60059, 15.38697], "genome": [22.0, 6, 26, 2.7, 400, 1.8], "energy": 315.6189819155626, "status": "Mated with 24II", "parents": [67, "23III"]}, "26": {"name": 26, "gender": "F", "lifeState": 1, "pos": [-65.0, 74.0], "genome": [20, 6, 26, 2.7, 400, 2], "energy": 253.44084220765382, "status": "Eating A Plant", "parents": ["88II", 8]}, "36II": {"name": "36II", "gender": "M", "lifeState": 1, "pos": [-94.0, 22.0], "genome": [20, 6, 23.4, 2, 400, 2], "energy": 3.182999474410771, "status": "Eating A Plant", "parents": ["29II", 62]}, "51II": {"name": "51II", "gender": "M", "lifeState": 1, "pos": [-57.0, -39.0], "genome": [22.0, 6, 23.4, 2, 400, 2], "energy": 579.9185822050623, "status": "Eating A Plant", "parents": ["36II", 99]}, "70III": {"name": "70III", "gender": "F", "lifeState": 1, "pos": [-4.0, 27.0], "genome": [20, 5.4, 23.4, 2, 400, 2], "energy": 22.982634852039837, "status": "Eating A Plant", "parents": ["36II", 99]}, "26II": {"name": "26II", "gender": "F", "lifeState": 1, "pos": [23.69434, -31.09803], "genome": [22.0, 6, 26, 2, 400, 2], "energy": 501.05735188276185, "status": "Mated with 16", "parents": ["42II", 79]}, "63III": {"name": "63III", "gender": "F", "lifeState": 1, "pos": [37.72756, 44.89037], "genome": [20, 6, 23.4, 2, 400, 2], "energy": 662.0239357618614, "status": "Moving towards 65", "parents": ["35III", "28III"]}, "29III": {"name": "29III", "gender": "M", "lifeState": 1, "pos": [-18.4527, 57.50564], "genome": [20, 6, 26, 2, 400, 1.98], "energy": 213.9969411630097, "status": "Mated with 61", "parents": [67, 51]}, "16": {"name": 16, "gender": "M", "lifeState": 1, "pos": [23.69434, -31.09803], "genome": [22.0, 6, 26, 2.7, 400, 2.2], "energy": 408.0289707052945, "status": "Mated with 26II", "parents": [67, 51]}, "68": {"name": 68, "gender": "F", "lifeState": 1, "pos": [22.0, 83.0], "genome": [20, 1, 20, 2, 400, 2], "energy": 260.5189915790149, "status": "Eating A Plant", "parents": [73, "97II"]}, "24II": {"name": "24II", "gender": "M", "lifeState": 1, "pos": [-1.87199, 15.52743], "genome": [22.0, 6.6, 26, 2.7, 400, 2.2], "energy": 315.6189819155626, "status": "Mated with 35IV", "parents": ["94II", 52]}, "26III": {"name": "26III", "gender": "M", "lifeState": 1, "pos": [-3.539, 42.342], "genome": [20, 6, 26, 2.7, 440.0, 2.2], "energy": 259.1763351813046, "status": "Mated with 5", "parents": [60, "78II"]}, "65": {"name": 65, "gender": "M", "lifeState": 1, "pos": [16.05733, -8.02543], "genome": [20, 5.4, 26, 2, 400, 1.8], "energy": 620.65142344432, "status": "Moving towards 63III", "parents": ["3II", 10]}, "88III": {"name": "88III", "gender": "F", "lifeState": 1, "pos": [75.0, -1.0], "genome": [20, 5.94, 26, 2, 400, 2], "energy": 52.5472218381314, "status": "Eating A Plant", "parents": ["3II", 10]}, "74": {"name": 74, "gender": "M", "lifeState": 1, "pos": [9.9191, 53.61917], "genome": [22.0, 6, 26, 2.7, 400, 2.2], "energy": 470.8098186820257, "status": "Moving towards 82", "parents": [16, "58II"]}, "88IV": {"name": "88IV", "gender": "F", "lifeState": 1, "pos": [-68.0, 65.0], "genome": [20, 6, 26, 2.7, 400, 2.2], "energy": 323.1362932373396, "status": "Eating A Plant", "parents": [36, 26]}, "10II": {"name": "10II", "gender": "M", "lifeState": 1, "pos": [18.0, 51.0], "genome": [24.2, 6, 26, 2.7, 400, 2], "energy": 116.91600101910717, "status": "Eating A Plant", "parents": ["3II", "23II"]}, "89III": {"name": "89III", "gender": "F", "lifeState": 1, "pos": [-33.0, 30.0], "genome": [20, 6, 26, 2.7, 440.0, 2], "energy": 358.6140704413613, "status": "Eating A Plant", "parents": ["26III", "78III"]}, "57": {"name": 57, "gender": "M", "lifeState": 1, "pos": [-31.20626, 54.95664], "genome": [20, 6.6, 26, 2.7, 440.0, 2], "energy": 84.7972570922713, "status": "Wandering", "parents": ["26III", "78III"]}, "82": {"name": 82, "gender": "F", "lifeState": 1, "pos": [-8.24834, 71.19098], "genome": [20, 6, 20, 2.7, 400, 2.2], "energy": 489.5472888533453, "status": "Moving towards 74", "parents": [73, "88IV"]}, "5": {"name": 5, "gender": "F", "lifeState": 1, "pos": [-3.539, 42.342], "genome": [20, 6, 26, 2.7, 400, 2.2], "energy": 259.1763351813046, "status": "Mated with 26III", "parents": [73, "88IV"]}, "74II": {"name": "74II", "gender": "M", "lifeState": 1, "pos": [-11.27877, 68.44878], "genome": [20, 6, 26, 2.7, 400, 2.2], "energy": 188.9763351813046, "status": "Wandering", "parents": ["26III", 5]}, "56III": {"name": "56III", "gender": "M", "lifeState": 1, "pos": [12.51025, 22.5641], "genome": [20, 6, 26, 2.7, 396.0, 2.2], "energy": 188.9763351813046, "status": "Wandering", "parents": ["26III", 5]}, "62III": {"name": "62III", "gender": "M", "lifeState": 1, "pos": [-2.0, -1.0], "genome": [19.8, 6.6, 26, 2.7, 400, 1.8], "energy": 284.9463908055763, "status": "Eating A Plant", "parents": ["24II", "35IV"]}, "10III": {"name": "10III", "gender": "F", "lifeState": 1, "pos": [18.7904, 43.67332], "genome": [24.2, 6.6, 26, 2.7, 400, 2.2], "energy": 245.4189819155626, "status": "Wandering", "parents": ["24II", "35IV"]}, "59": {"name": 59, "gender": "M", "lifeState": 1, "pos": [-22.90646, 27.5096], "genome": [22.0, 6.6, 26, 2, 400, 1.98], "energy": 161.9969411630097, "status": "Wandering", "parents": ["29III", 61]}, "34": {"name": 34, "gender": "F", "lifeState": 1, "pos": [-23.0, 80.0], "genome": [24.2, 6.6, 26, 2, 400, 1.98], "energy": 173.24904850095416, "status": "Eating A Plant", "parents": ["29III", 61]}, "4": {"name": 4, "gender": "M", "lifeState": 1, "pos": [3.29948, 66.08079], "genome": [20, 5.4, 26, 2, 400, 1.98], "energy": 161.9969411630097, "status": "Wandering", "parents": ["29III", 61]}}