{"34": {"name": 34, "gender": "F", "lifeState": 1, "pos": [-17.0, -19.0], "genome": [20, 1.1, 20, 3, 400, 2], "energy": 418.83435524837705, "status": "Waiting for mate"}, "53": {"name": 53, "gender": "F", "lifeState": 1, "pos": [22.0, 2.0], "genome": [20, 6, 26, 2, 400, 2], "energy": 565.0075726006562, "status": "Waiting for mate"}, "23": {"name": 23, "gender": "F", "lifeState": 1, "pos": [-0.0, 35.0], "genome": [20, 6, 26, 3, 400, 2], "energy": 401.7825490731059, "status": "Waiting for mate"}, "43": {"name": 43, "gender": "F", "lifeState": 1, "pos": [7.0, 37.0], "genome": [20, 6, 26, 3, 400, 2], "energy": 423.0838460298526, "status": "Waiting for mate"}, "88": {"name": 88, "gender": "F", "lifeState": 1, "pos": [21.0, 13.0], "genome": [20, 6, 28.6, 2, 400, 2], "energy": 500.56867005430115, "status": "Waiting for mate"}}