{"organ": {"35": [-33.0, -57.0], "4III": [-13.54368, 16.49213], "56V": [-65.0, 84.0], "11VI": [38.0, -24.0], "83II": [-34.0, 13.0], "72II": [40.0, 1.0], "9IV": [-48.03946, 25.06976], "43III": [-13.2053, 44.77601], "54V": [1.36663, 42.29105], "85V": [152.69587, 143.07989], "9V": [87.0, 9.0], "78VI": [38.0, 47.0], "67VIII": [-9.0472, 32.50392], "83V": [-32.0, 26.0], "21IX": [64.0, -5.0], "99II": [13.4008, 46.35224], "8III": [-55.44077, -1.04182], "82III": [-26.0, 31.0], "23VIII": [-61.0, 16.0], "17III": [28.0, 8.0], "7VII": [-77.0, -23.0], "62VI": [-7.0, 74.0], "42II": [-48.49488, 22.17517], "54VII": [15.0, 69.0], "58VI": [42.0, 92.0], "88IX": [5.83968, -54.09324], "59IV": [-26.0, -88.0], "48VII": [-59.10512, 42.20287], "6VI": [-51.46337, 16.03416], "9VI": [-13.26746, 54.28471], "43IV": [-49.62774, 1.41796], "98III": [-59.10512, 42.20287], "86V": [-14.74329, -81.82089], "65VI": [53.0, -82.0], "29V": [-4.0, 78.0], "66V": [36.42872, -75.13395], "31IX": [-75.0, 60.0], "43V": [-57.17686, 1.83048], "93VII": [-45.0, -40.0], "55V": [-21.72959, -21.57058], "98IV": [-19.6619, 38.53083], "24VI": [-6.42763, -13.73254], "62VII": [-21.72959, -21.57058], "76IV": [-32.0, -25.0], "49VI": [-20.72959, -20.57058], "67IX": [-59.10512, 42.20287], "78VIII": [-59.10512, 42.20287], "14IV": [-58.10512, 43.20287], "69VI": [-65.30292, 61.79867]}, "plant": {"88": [-81, 95], "4": [52, -37], "39": [76, -41], "72": [78, -33], "99II": [-90, -37], "45": [-5, 95], "25": [44, -14], "56": [-12, -71], "59": [-99, -17], "15II": [72, -77], "19": [-17, 87], "31II": [66, -15], "29": [96, -97], "21": [69, 23], "79": [-17, -79], "64": [-93, -45], "54": [91, -91], "27": [24, 67], "99III": [4, -43], "73": [5, -60], "62": [50, -64], "2II": [51, 76], "44II": [99, -13], "43": [31, -9], "66": [72, 73], "3II": [-89, 15], "53": [67, 12], "38": [91, 31], "83": [10, -58], "79II": [84, 3], "59II": [87, -68], "82": [-90, 16], "69": [-84, 41], "92": [-97, 50], "26": [-100, -52], "54II": [-77, -42], "57": [-76, -59], "5": [-80, -99], "23": [-93, 0], "76": [-93, 13], "41": [-84, 52], "71": [-98, -79], "37": [60, 91], "95": [-61, 25], "45II": [15, -39], "56II": [10, -57], "59III": [49, 93], "16": [-87, 82], "62II": [-24, 16], "47": [96, -30], "13": [81, 2], "81": [9, 71], "48": [-82, 9], "84": [7, 75], "82II": [64, 20], "61": [70, 79], "68": [-81, 60], "24": [-50, 11], "77": [-40, -85], "47II": [-43, -45], "14": [-27, 28], "26II": [-69, -35], "97": [35, 5], "4II": [-34, 97], "76II": [-25, 64], "87": [-86, -18], "21II": [-65, 5], "15": [93, -81], "90": [77, -42], "40": [-19, -41], "91": [-69, -33]}}