{"organ": {"23IX": [30.0, -56.0], "31II": [-3.0, -73.0], "37IX": [-4.41531, -30.38579], "34IX": [-91.0, -28.0], "73VII": [-41.75727, 23.03823], "94XVII": [19.0, 26.0], "14XIV": [-40.98946, 31.09928], "65IX": [-26.0, 64.0], "67IV": [45.0, -84.0], "52VIII": [-34.0, -26.0], "67V": [74.0, 54.0], "49X": [-28.0, -72.0], "51X": [85.0, -30.0], "48VII": [46.46827, -25.13029], "30XI": [-55.0, -68.0], "44X": [-30.0, -19.0], "57XIV": [-28.0, 6.0], "47VII": [-22.0, 77.0], "94XIX": [-46.93121, 32.05099], "41X": [44.8025, 28.27251], "81XIII": [-52.53085, -18.43231], "31IV": [-8.0, -17.0], "79XIV": [-53.0, 57.0], "94XX": [-92.0, -18.0], "9IX": [52.0, 25.0], "32XI": [-17.0, 36.0], "9X": [11.13904, 41.70936], "23XIII": [-5.87758, -15.64306], "56XI": [-40.20504, 51.56309]}, "plant": {"60II": [-75, 78], "3": [-63, 64], "22": [84, -4], "50": [-91, 36], "31": [93, 99], "7III": [-99, 68], "24": [-52, 63], "48": [-36, 93], "63": [-96, -88], "65II": [-63, 72], "94III": [87, -56], "61": [81, 8], "24II": [72, -58], "51": [-48, 92], "14II": [-94, 76], "94": [-83, -98], "33": [57, -87], "14III": [27, -81], "24III": [98, 2], "41": [30, 92], "55": [-79, 81], "63II": [-95, 61], "26II": [59, -51], "84": [-91, 14], "19": [70, -52], "89II": [92, -89], "25": [46, -88], "67": [39, 71], "31II": [94, 91], "98": [-52, 1], "40III": [98, 94], "29": [26, -23], "79": [-24, -73], "87": [34, -21], "52": [-88, -79], "79II": [-57, 93], "70": [-70, 93], "41II": [-85, -71], "21II": [78, -72], "41III": [-26, 25], "14": [68, 52], "96": [-21, 28], "94II": [26, -47], "35": [28, 10], "52II": [37, -62], "3II": [-12, -7], "91": [-14, -36], "61II": [81, -28], "1": [32, -25], "11": [84, 97], "18": [-39, 30], "64": [6, 55], "90": [10, -83], "48II": [-14, -15], "45": [-9, -29], "6": [80, 17], "10": [-49, 29], "63III": [-66, 98], "76": [85, 60], "95": [-61, -66], "60": [42, 25], "3III": [-99, 30], "73": [-49, -34], "64II": [-83, 51], "79III": [-58, -15], "86": [-47, -50], "58": [-40, 58], "23": [-21, 93], "8": [-42, -70], "82": [67, 59], "97": [-63, -63], "55II": [2, 23]}}