{"organ": {"65IV": [28.65181, -34.2317], "47IV": [-35.46733, -12.66138], "43II": [-37.0, 81.0], "15II": [-22.74627, 45.0241], "87IV": [82.0, 10.0], "35II": [-49.0, 81.0], "41V": [-42.0, -61.0], "23VI": [3.0, -70.0], "4IV": [18.0, -42.0], "62VI": [-82.0, -80.0], "29III": [25.3057, -19.02842], "59": [27.0, 62.0], "1V": [-16.10983, 49.66155], "47V": [0.36088, 51.42994], "72II": [-41.54435, -22.82952], "18III": [35.0, -15.0], "75II": [-68.92581, 95.85601], "43IV": [85.0, 35.0], "13VIII": [27.0, 62.0], "68V": [-36.0, -4.18], "32II": [-43.99093, 42.02747], "77III": [5.38649, 9.06232], "25III": [-47.0, -3.0], "47VII": [-2.0, 61.0], "84": [89.0505, 50.67939], "74III": [14.00745, -8.62439], "65VI": [75.0, -22.0], "67VI": [-60.05318, 21.70888], "77IV": [-7.32569, -28.56779], "14II": [-71.58941, -36.82269], "49II": [17.0, -64.0], "15III": [39.0, -26.0], "72IV": [-12.0, -30.0], "29IV": [30.0, 41.0]}, "plant": {"83II": [-19, -29], "4II": [-14, 17], "88II": [-87, -4], "62": [-87, -10], "82": [74, -72], "29II": [71, -83], "83": [90, 95], "98": [-95, -19], "19": [-57, -48], "54II": [35, -12], "5": [16, 28], "91II": [23, 2], "64III": [28, -69], "43": [-92, 50], "88": [71, -98], "50": [32, -13], "73III": [-4, 5], "13": [-82, -28], "39": [42, 78], "42II": [-25, -59], "95": [50, 71], "7II": [-70, -99], "27": [17, 94], "62II": [55, 64], "12II": [-39, -91], "41II": [12, 41], "41III": [66, -57], "58II": [-58, 79], "39II": [-98, 40], "51": [81, -100], "10": [-1, 42], "39III": [31, 8], "70": [-28, -85], "65II": [5, 13], "90": [61, 55], "78": [-84, -50], "17": [25, 97], "13II": [47, 88], "6II": [-15, 71], "8": [-62, -82], "16": [77, -60], "20": [99, -16], "82II": [95, -79], "64": [-82, 75], "10II": [47, 15], "29": [-79, 67], "34": [64, 97], "86": [48, 72], "57": [-77, 24], "78II": [46, 21], "31II": [-27, -60], "89II": [-34, -76], "22": [38, 48], "57II": [-9, -47], "81": [-48, 67], "89III": [-27, -42], "54IV": [-66, -26], "70II": [9, 24], "7": [-12, 22], "68": [-4, 65], "65": [-39, -2], "95II": [53, -84], "20II": [-54, -97], "58": [7, -77], "46": [-55, -37], "22II": [64, -30], "77": [98, 21], "21": [-97, 73], "2": [-79, 28], "3": [53, 34], "96": [2, -76], "49": [-33, -75], "74": [-6, 1], "76": [85, 78], "66": [-41, -38], "33": [-9, 44], "91": [55, 33], "93": [-5, 90], "78III": [47, 44], "86II": [55, -65], "57III": [13, -60], "64II": [93, -45], "85": [5, 70], "99": [39, -91], "73": [-95, -67], "48": [56, -100], "53": [89, -52]}}