{"organ": {"0VI": [-2.51794, -42.83106], "0VII": [18.78147, -17.68357], "0VIII": [73.0, 50.0], "0XI": [-61.42598, -94.12225], "0XVIII": [-87.79637, -140.54224], "0XIX": [16.78499, 4.61997], "0XXI": [22.26415, -19.78152], "0XXIII": [-7.99756, 25.72076], "0XXVIII": [26.77333, -4.30533], "0XXXVII": [-41.895, 68.02738], "85": [1.45231, -35.7205], "5": [-14.61768, 54.88864], "95II": [42.60007, -33.38883], "20": [47.58847, -27.70589], "31": [-5.78002, 48.96168], "23": [-77.79414, 6.82919], "30III": [12.30602, 8.21355], "24": [2.53752, -4.58708], "77II": [-30.0, 17.0], "53": [-82.0, -37.0], "60": [39.0, -76.0], "50": [31.0, -75.0], "85II": [-31.46243, 44.92448], "4II": [-93.0, -37.0], "13": [22.30312, -19.06749], "1": [-61.40652, 39.18118], "2": [12.0438, 82.6923], "18": [-94.62883, -36.44556], "13II": [-58.40276, -40.36209], "91III": [-52.5123, 71.9081], "66": [26.7073, -5.33426], "17II": [35.88015, 20.68732], "66II": [32.72783, -32.18678], "53II": [-6.66577, -54.12018], "68": [59.45531, -52.59545], "34": [11.56124, 7.87034], "58II": [31.8941, -25.6745]}, "plant": {"65II": [99, 25], "99": [74, -52], "84": [-48, 86], "32": [60, 95], "59": [29, 82], "74II": [-49, 80], "42": [96, 38], "65": [-95, 10], "54II": [-43, 78], "6": [-13, 62], "56IV": [42, 61], "0III": [80, -97], "48": [-23, -59], "20II": [-47, 72], "5": [-17, -16], "18": [-20, 98], "66": [77, 35], "68": [-13, 43], "66II": [58, 18], "77": [24, -96], "17II": [-23, 73], "57": [-98, 14], "31": [72, 84], "35II": [-65, 65], "15II": [-4, -90], "75II": [99, 22], "84II": [67, 31], "53": [-28, 57], "77II": [89, 57], "13": [85, -39], "2": [-4, 66], "76": [-53, 25], "98": [-98, 76], "6II": [-93, -3], "38": [94, 37], "87II": [-16, 41], "99II": [68, -4], "95": [66, 92], "43": [-16, 39], "28II": [-25, 40], "85": [-90, 99], "70": [65, 54], "26": [-43, -53], "84III": [-46, 78], "7": [-74, -84], "41": [65, -99], "95II": [10, -89], "71": [-63, 42], "44": [-20, -64], "79II": [47, 58], "23": [80, 87], "63": [87, -29], "96": [-14, 22], "37": [59, -27], "61": [-92, -83], "63II": [-71, 8], "54III": [-40, -19], "87": [-34, 2], "19": [-57, 78], "14": [-9, 95], "42II": [-82, -48], "2II": [1, 7], "39": [-3, -100], "18II": [26, -23], "11": [-18, -88], "2III": [-82, 7], "6III": [-80, 85], "82": [81, -40], "48II": [36, -67], "57II": [-72, -5], "2IV": [96, -44], "45": [96, -18], "16": [72, -12], "1": [85, -54], "45II": [25, 96], "18III": [56, -61], "15": [49, -91], "85II": [45, 13], "28": [6, 77], "33": [73, 29], "20": [56, -70], "45III": [34, 4], "5II": [91, -88], "82II": [39, -23], "4": [-39, -60], "99III": [-94, 37]}}