{"organ": {"garry": [5.40893, 35.43985], "10": [29.0, -72.0], "41": [43.63678, 13.56333], "44": [-51.0, 58.0], "11": [48.18944, 70.19531], "46II": [48.0, -34.0], "71II": [51.0, -65.0], "49": [-6.0, 91.0], "32": [-62.0, 13.0], "72": [-5.2086, -3.13497], "37": [52.8387, -28.52831], "46": [7.0, 20.0], "93": [13.0, 27.0], "62": [10.27948, 13.26171], "67": [4.0, -51.0], "23": [-52.36233, -67.20579], "49II": [-10.0, -28.0], "28": [49.0, -16.0], "45": [3.3732, 47.37043], "15": [68.0, 46.0], "6": [22.0, 88.0], "49III": [-8.44773, 39.83916], "80": [41.0, 49.0], "32II": [57.49305, 28.77745], "77": [18.0, -49.0], "40": [56.0, -38.0], "8": [52.8387, -28.52831], "96": [42.0, 15.0], "59": [83.0, 43.0], "14": [44.23772, 86.62932], "36": [48.0, -23.0], "19": [41.07128, -49.50419]}, "plant": {"41II": [67, 15], "93II": [-51, 72], "68": [0, -53], "84II": [11, -93], "15": [-59, 60], "20": [23, 92], "54II": [45, 23], "43II": [68, -67], "22": [71, 30], "54III": [99, -75], "54IV": [12, 90], "38": [-98, -29], "64": [-81, 27], "0IV": [23, 39], "42": [-18, 76], "20II": [95, 94], "21": [59, -92], "88": [42, -65], "64II": [-64, 81], "43IV": [41, 90], "61": [-60, -10], "19": [-4, -84], "84III": [-11, 80], "15II": [-64, 65], "46": [21, 33], "17III": [8, -12], "95": [-28, -2], "75II": [-87, 73], "32": [85, -52], "14": [6, 48], "39": [10, -45], "12": [-78, -21], "2": [65, -77], "12II": [92, -89], "88II": [-87, 14], "98": [-37, 36], "94II": [81, -19], "55": [97, -18], "8": [-65, 86], "93": [-70, -74], "74": [-4, -56], "69": [77, -17], "47": [32, 92], "32II": [-89, 44], "95II": [27, -90], "57": [-82, 20], "27": [92, -89], "82": [65, -47], "36": [68, -1], "37": [-90, 54], "61II": [-45, -20], "99": [-74, -70], "18": [-46, -47], "67": [-91, -47], "13": [8, -54], "19II": [64, -91], "79": [-41, -63], "94": [-81, 73], "55II": [78, 64], "90": [-49, -59], "26": [14, -13], "81": [-74, 54], "86": [-76, -61], "31": [83, 10], "43": [73, 77], "14II": [-39, -64], "61III": [33, 3], "23": [98, 29], "45": [-51, -38], "75": [-35, 78], "63": [56, 63], "4": [-41, -84], "12III": [-32, 0], "89": [47, 23], "70": [-95, 3], "2II": [-22, -95], "29": [39, 61], "20III": [-32, -10], "76": [83, -14]}}