{"organ": {"larry": [24.82759, 5.06897], "garry": [24.82759, 5.06897]}, "plant": {"53": [-49, 16], "12": [-19, 6], "17": [93, -59], "0": [-41, -1], "66": [91, 42], "30": [32, -53], "14": [67, 36], "58": [-28, -13], "46": [34, -27], "13": [58, 30], "39": [-61, 58], "0II": [-62, -44], "86": [-88, 10], "98": [97, -51], "37": [-95, -93], "5": [84, 6], "73": [-72, 88], "65": [-23, -80], "15": [-36, 70], "35": [-14, 59], "98II": [-59, -68], "13II": [-89, 21], "66II": [-18, -16], "67": [67, 86], "41": [54, 79], "8": [-83, -98], "82": [18, -26], "35II": [-79, 80], "69": [55, -79], "44": [79, -18], "63": [38, -85], "57": [77, -32], "51": [-22, -14], "62": [32, -84], "15II": [99, 8], "58II": [-31, 67], "71": [31, 89], "49": [66, -71], "11": [-51, -97], "56": [-89, -22], "93": [-59, 73], "89": [54, -99], "63II": [72, -82], "37II": [-91, -47], "83": [97, 67], "86II": [72, -78], "61": [93, -17], "90": [71, -62], "43": [-47, 1], "27": [36, -73], "53II": [56, -21], "59": [-48, 42], "69II": [99, 6], "5II": [66, -79], "61II": [81, -29], "36": [-76, -77], "22": [-72, -36], "21": [92, 17], "64II": [51, -79], "44II": [-22, -53], "87": [1, -96], "61III": [-23, -58], "23": [51, -40], "63III": [59, -35], "46II": [7, 55], "24": [-39, -63], "61IV": [82, 80], "86III": [39, -44], "12II": [23, 78], "50": [33, 40], "78": [60, 39], "97": [2, -47], "11II": [-93, 26], "42": [5, -60], "41II": [-20, 36], "5III": [-79, 79], "70": [-67, -17], "36II": [39, -45], "19": [67, 44], "16": [-33, -23], "48": [-48, 16], "99": [72, -81], "26": [-56, 30], "42II": [-94, -65], "98III": [-11, 64], "45": [92, 86], "38": [12, -39], "68": [62, -1], "2": [-60, 89], "95": [-50, 14], "51II": [62, -27], "56II": [-21, -15], "91": [84, 81], "73III": [-28, -74], "85": [11, 79], "69III": [-62, -30], "48II": [86, 23], "72": [-92, -7], "53III": [-78, -92], "75": [-48, -32], "70II": [-86, 79], "69IV": [64, 79], "40": [-30, 63], "38II": [-68, 18], "7": [43, -74], "26II": [-59, 1], "48III": [-26, 44], "7II": [6, -58], "2II": [39, -19], "37III": [-27, 25], "51III": [-47, -50], "84": [-75, 39], "91II": [21, 47], "86IV": [-5, 83], "97III": [-97, 8], "46III": [-62, 4], "49II": [88, -69], "75II": [70, 93], "96": [-41, 2], "67II": [-97, -8], "51IV": [14, -42], "83II": [-76, 16], "13III": [-65, -42], "20": [41, -75], "25": [96, -65], "89II": [90, 35], "99II": [-25, -77], "88": [-81, 88], "63IV": [6, 46], "40II": [-22, -49], "31": [-67, -82], "6": [-90, -76], "95II": [-36, -4], "75III": [-51, 21], "60": [-91, 81], "42III": [-75, -93], "23II": [-88, 77], "28": [-1, -53], "27II": [56, -36], "74": [50, 82], "99III": [-74, 31], "56III": [-77, -57], "57II": [-88, -39], "44III": [-63, -29], "87II": [-78, 99], "92": [80, 36], "74II": [-97, -46], "58III": [-2, 49], "88II": [-4, 84], "19II": [33, -40], "76": [-64, 35], "21II": [81, 24], "35III": [12, 95], "26III": [-14, -56], "46IV": [78, 93], "61V": [4, -34], "9": [-65, -73], "28II": [32, -25], "7III": [-94, -61], "25II": [-12, 44], "17II": [90, 10], "18": [-16, -11], "6II": [-17, -99], "59II": [-85, -75], "57III": [-58, 71], "28III": [96, 35], "78II": [-56, -45], "90II": [22, -73], "88III": [70, 6], "56IV": [21, -89], "2III": [4, 51], "57IV": [37, 48], "9II": [64, -52], "90III": [4, 75], "86V": [62, -16], "71II": [-2, -65], "28IV": [1, 93], "94": [-46, -71], "49III": [72, 28], "88IV": [96, 99], "30II": [-10, 63], "18II": [-57, 87], "43III": [-39, -5], "17III": [-63, 72], "11III": [-94, -55], "47": [36, -93], "99IV": [-55, -53], "48V": [62, -6], "46V": [4, -38], "77": [50, -43], "26IV": [93, 78], "39III": [99, -41], "91III": [58, 59], "33": [-28, -83], "28V": [-71, 72], "1II": [37, 89], "68II": [49, 43], "75IV": [13, -68], "0IV": [84, -65], "37IV": [73, 39], "0V": [61, -28], "57V": [-86, -1], "80": [95, 87], "41III": [68, -42], "32": [-66, -46], "36III": [-14, 78], "55": [-52, 45], "69V": [50, 70], "57VI": [-57, 86], "12III": [60, 57], "24II": [-81, 57], "46VI": [25, -84], "82III": [66, 60], "84II": [-99, 75], "99V": [-7, 78], "93II": [37, -95], "33II": [-4, 58], "22II": [-34, -11], "75V": [-18, 62], "19III": [-71, 76], "74III": [-35, 2], "81": [99, 4], "68III": [-40, -10], "5IV": [-12, -33], "45II": [55, 9], "65II": [55, 57], "32II": [86, 15], "43IV": [-23, -78], "60II": [-30, 78], "28VI": [-48, -20], "38III": [-73, -86], "63V": [74, 91], "42IV": [36, -26], "93III": [9, 31], "35IV": [-89, -13], "77II": [-14, 83], "89III": [93, 43], "1III": [-52, 60], "72II": [91, -14], "9IV": [-28, -45], "92II": [-7, -27], "62IV": [-42, -39], "97IV": [-31, -59], "36IV": [89, 0], "61VI": [69, -1], "45III": [-51, -20], "84III": [-24, -6], "3": [70, 44], "9V": [75, 4], "26V": [-99, 70], "49IV": [-36, -23], "73IV": [-86, -48], "51V": [18, -34], "97V": [34, -21], "57VII": [73, -51], "75VI": [15, 69], "8II": [40, -96], "61VII": [35, -84], "56V": [5, -44], "9VI": [62, 46], "30III": [-39, 98], "7IV": [-22, -92], "86VI": [-29, 85], "31II": [0, 71], "87III": [-47, -91], "97VI": [-13, 40], "28VII": [-62, -17], "18III": [30, -35], "97VII": [-93, -64], "66III": [57, 66], "55II": [-48, 43], "47II": [-68, 28], "67III": [75, -95], "88V": [-91, 32], "39IV": [-42, -56], "13IV": [-32, 18], "48VI": [19, -38], "77III": [45, -61], "85II": [-47, -79], "32III": [-23, -12], "44IV": [3, 32], "21III": [-54, -52], "21IV": [-1, 85], "93IV": [-72, 48], "5V": [32, -56], "28VIII": [-15, 21], "57VIII": [10, -76], "14II": [75, -36], "86VII": [-84, 82], "40III": [28, -89], "69VI": [67, 67], "1IV": [-33, -23], "57IX": [-79, -55], "18IV": [71, 6], "49V": [87, -72], "4": [-22, 26], "53IV": [60, 83], "85III": [-89, 44], "19IV": [74, -31], "2IV": [-75, -94], "18V": [34, -84], "35VI": [77, -60], "25III": [-69, 70], "88VI": [-7, -95], "45IV": [-77, -18], "48IV": [-100, -91], "26VI": [-69, -3], "55III": [64, 86], "30IV": [42, 39], "79": [-38, -81], "84IV": [-77, 0], "37V": [-64, -36], "17IV": [-63, 19], "47III": [71, -10]}}