{"organ": {"garry": [-92.0, -15.0], "62": [-33.66767, -0.519], "77": [-67.0, -22.0], "55": [-44.02411, -24.36736], "22": [14.10097, 52.25114], "51": [6.38791, 36.56587], "25II": [-38.7488, 59.78139], "9": [9.0, -73.0], "84": [-0.61739, 47.1371], "27": [-45.14751, 39.29968], "33": [-50.0, 82.0], "14": [-18.0, 31.0], "1II": [-54.0, -17.0], "14II": [-49.0, 73.0], "29II": [32.80474, 11.7937], "19": [-96.0, 26.0], "13": [-44.29217, 66.77632], "2": [1.57837, -49.87507], "19II": [48.0, -42.0], "48II": [2.42163, -50.12492], "81": [-24.72745, 41.34902], "36": [-47.0, 54.0], "3": [-23.0, 23.0], "16": [17.72929, -21.97758], "69": [-24.56794, -0.27977], "58": [-35.67097, 15.50501], "40II": [-0.0, 25.0], "33II": [77.0, 0.0], "80": [34.26741, 23.68948], "27II": [4.07813, 46.53536], "12": [-1.44832, 23.68833], "28": [-35.87527, 1.80774], "98": [-67.0, -24.0], "55II": [-28.0, -10.0], "35": [-0.0, -38.0], "20": [14.0, -40.0], "2II": [-55.0, -49.0], "72": [4.1703, -48.33663], "49": [49.74696, -20.15653], "18": [8.0, -11.0], "92": [-78.75109, -10.8403], "6II": [-65.99631, 17.71041], "65": [96.41758, -94.62196], "20II": [8.41267, -22.22971], "4": [53.0, 25.0], "61": [33.0, 45.0], "68": [-62.40489, 24.83736], "76": [19.83077, 55.05462], "52": [-55.0, 49.0], "63": [-87.0, 57.0], "23": [-29.11083, 4.15264], "17": [-51.45456, 7.7657], "36II": [-36.74073, 39.84787], "56": [-38.38478, 66.38478], "3II": [28.0, 60.0], "19III": [-1.44832, 23.68833], "3III": [-45.92446, 56.38175], "8": [4.0, -5.0], "56II": [-11.54544, 10.2343]}, "plant": {"22": [-35, 80], "17III": [36, -18], "77": [-89, 91], "73II": [12, -96], "84III": [89, -25], "80III": [92, -32], "69": [14, -25], "71II": [28, -37], "44": [83, 66], "65II": [35, -40], "14II": [-23, -42], "15": [-30, -65], "52": [51, 95], "16III": [-77, 69], "1": [56, 63], "75": [15, -8], "27III": [34, 35], "1II": [71, 54], "40": [78, 41], "59": [-17, -68], "33": [-67, -26], "70": [-88, 50], "19": [-68, -50], "77II": [-76, -85], "10II": [77, -40], "95": [-73, -27], "14III": [56, 5], "77III": [90, 30], "42II": [-84, -93], "17": [38, -88], "91": [56, -21], "91II": [-79, 12], "40II": [61, -45], "49": [-50, -86], "79II": [65, -45], "51": [-95, -88], "62": [44, 2], "66II": [57, -92], "45": [-81, -56], "51II": [3, -81], "73III": [9, -60], "39": [32, -68], "60II": [76, -10], "82": [24, -1], "6": [-92, -33], "28": [62, -38], "83": [-59, 19], "7": [96, 57], "38II": [-69, -14], "56": [48, -31], "59II": [8, 90], "5": [95, 41], "6II": [-89, -7], "20": [75, 0], "43": [73, -66], "26": [71, -63], "68": [0, -88], "80": [-30, 48], "9": [87, -95], "87": [-98, 45], "81II": [35, -54], "40III": [59, -9], "64": [96, 74], "49II": [-30, 51], "55II": [-99, -91], "7III": [-93, 90], "66III": [83, 77], "83II": [63, 9], "54": [-35, -56], "15II": [60, 16], "23": [-31, 70], "65": [51, -68], "86": [-91, 0], "31": [-24, 64], "44II": [-77, -37], "34": [-81, -86], "46": [-49, 70], "18": [53, -39], "99": [76, -38], "66": [74, 75], "46II": [53, -11], "76": [-8, -30], "2": [98, 24], "27": [38, -65], "93": [27, 24], "15III": [-64, -23], "95II": [-88, -60], "71": [59, 24], "42": [49, -72], "14": [-36, -39], "94": [36, -47], "52II": [-99, 90], "80II": [-16, -24], "38": [-59, 97], "19II": [-88, -96], "33II": [-91, -64]}}