{"organ": {"59": [62.84756, 1.79499], "12": [-62.39325, 22.38231], "1": [-33.0, 24.0], "15": [-11.0, -69.0], "78": [-49.61014, -9.21902], "54": [-6.89905, 18.6039], "80": [-22.37751, 25.87129], "33": [-51.49547, -19.59317], "47": [7.53633, -63.64758], "13": [-40.0, 30.0], "43": [-86.0, -75.0], "12II": [27.854, 83.1594], "54II": [-29.57869, 30.41963], "88": [-74.0, -44.0], "80II": [-68.0, -58.0], "83": [-53.33129, 9.0864], "56II": [72.0, -20.0], "12III": [-67.94471, -7.05534], "90": [44.95876, -37.92625], "8": [52.0, 16.0], "82": [-62.39325, 22.38231], "63": [-17.38327, -89.50779], "54III": [-32.0, -22.0], "67": [-5.27681, -7.65096], "80IV": [57.0, -37.0], "3": [-1.24025, -27.97862], "92III": [-87.0, -87.0], "11": [90.51877, -20.23402], "50": [-66.39329, -24.00855], "7II": [-98.0, -18.0], "84": [59.0, 49.0], "5II": [-21.68279, 23.58992], "63III": [-39.0, 75.0], "20II": [42.0, -83.0], "98II": [54.0, -45.0], "14": [18.0, 45.0], "24": [21.35596, -23.76059], "86": [62.0, 5.0], "75III": [-0.72703, 18.02974], "41III": [-3.0, 40.0], "67II": [-75.0, -39.0], "3II": [28.0, 90.0], "23": [12.33843, -38.86563], "96": [-3.54837, 25.47139], "41IV": [-36.55126, -12.75086], "93": [5.0, 26.0], "16": [-3.68094, -35.26079], "48": [7.53633, -63.64758], "19III": [5.46153, -1.78323], "75IV": [17.37522, 36.63346], "7III": [-58.04979, 2.1917], "54IV": [-66.60263, 52.20526], "76II": [-93.0, -73.0], "42II": [-61.0, -4.0], "62III": [-74.16962, 21.45405]}, "plant": {"65": [65, 14], "93": [54, -58], "64": [-12, 76], "89II": [-71, 61], "26": [-95, -26], "22": [-96, 76], "83": [-33, 92], "23": [84, 58], "27III": [62, -65], "32": [11, -95], "9": [-27, -93], "49II": [-96, 96], "74": [77, -87], "97II": [-69, 76], "23II": [59, -97], "67III": [-40, 71], "81II": [-88, -22], "19II": [-64, -26], "29": [84, 4], "60": [-84, -40], "21": [31, 96], "56II": [75, -86], "64II": [-81, -89], "85": [-63, -84], "21II": [78, 47], "31": [-25, -72], "50II": [-86, 41], "78": [-76, 68], "74II": [-24, 35], "70II": [83, 92], "66": [79, 73], "32II": [93, -28], "90": [24, -96], "30": [-38, 67], "16": [-64, -62], "34": [-55, -69], "86": [-33, -55], "59": [-85, -97], "91": [37, 28], "90II": [-45, -22], "78II": [-29, -32], "17": [75, -14], "46": [58, 32], "36": [-6, -86], "27": [10, 28], "18": [82, -27], "36II": [-94, -8], "53": [-3, 38], "3": [-43, -28], "41": [-96, 39], "93II": [-66, -79], "42": [91, 86], "83II": [-76, -19], "62": [87, 84], "87": [-52, -86], "30II": [-16, -89], "82": [-51, 35], "11": [-98, 35], "79": [7, 97], "38": [-40, 25], "63": [15, -22], "79II": [9, -50], "8": [83, 51], "57": [63, 17], "6": [87, 2], "57II": [57, 51], "28": [72, -11], "88": [59, 81], "23III": [25, 23], "23IV": [51, 46], "17II": [87, 67]}}