{"organ": {"61VII": [-39.7212, -18.69271], "41VI": [-27.76364, -40.7344], "74X": [15.2137, 25.7057], "50V": [-2.61299, 39.03005], "48VII": [43.0, 68.0], "63V": [-55.00836, 59.49318], "5VII": [59.44322, 22.60161], "23VI": [-12.0, 51.0], "44VII": [59.44322, 22.60161], "44VIII": [-1.0, -75.0], "21VI": [-52.91277, 17.33493], "99V": [9.62856, -53.3385], "54IV": [14.0, 30.0], "74XIII": [78.0, -82.0], "23VII": [38.90747, 102.69798], "84V": [-34.43871, 12.11316], "24V": [-51.0, 90.0], "38VIII": [3.91186, 10.87032], "47XII": [8.63625, 38.07782], "37IX": [88.0, -48.0], "80X": [40.30122, -35.01885], "77IV": [85.0, 43.0], "48VIII": [15.54987, 13.38015], "25XI": [7.57222, 19.75003], "55VI": [-14.52157, 50.37802], "0LVII": [108.15472, -19.95249], "7IX": [-8.48422, -81.34644], "79VIII": [-69.5099, -2.1493], "28VII": [-50.70428, 69.58015], "81IV": [-24.0, 86.0], "55VII": [-60.0, 74.0], "45X": [-8.0, 61.0], "6VIII": [-63.54775, 3.84659], "87IV": [-91.0, 19.0], "49X": [1.33085, -48.22977], "3XV": [-14.95493, 9.72691], "25XII": [24.74532, 18.9052], "78VI": [-47.0, 36.0]}, "plant": {"48II": [-95, -8], "60": [-71, -60], "86": [8, -10], "87": [27, -14], "56": [-72, -49], "6II": [-70, -21], "1": [-91, 53], "43": [90, 8], "50": [-76, -8], "6III": [76, 11], "30III": [-22, 65], "36": [-84, -78], "33": [-32, 17], "84II": [-68, -44], "18III": [-67, -80], "48": [-82, 76], "41": [-54, -100], "44III": [-47, 40], "74II": [-95, 56], "28II": [38, 75], "98": [46, 43], "66": [-13, -49], "76II": [78, 78], "2": [-99, 38], "22II": [86, -46], "54": [-14, 86], "34": [75, 87], "46II": [-22, 99], "81": [58, 29], "35": [-78, -90], "15II": [84, -56], "79": [-98, -4], "93": [-77, 9], "84III": [49, 29], "31": [-25, -62], "1II": [26, -27], "87II": [-96, -75], "17": [5, 0], "39": [90, -80], "87III": [-69, 48], "94II": [-47, -30], "57": [51, 81], "75": [-90, 27], "92": [51, 34], "64II": [-37, -38], "26": [7, -65], "81II": [8, -1], "67II": [-66, 8], "90": [82, 39], "96": [-68, -28], "25": [85, 47], "55II": [-76, -7], "92II": [-85, 51], "97": [-97, 59], "7": [93, -55], "36II": [-23, 36], "63": [8, 75], "98II": [53, 3], "45": [-99, -63], "62": [76, -45], "46": [-34, 67], "60II": [89, 75], "7II": [-3, 1], "51II": [-48, 69], "97II": [-70, 5], "51III": [10, -40], "52": [-26, -42], "13": [89, 83], "0": [65, -23], "66III": [14, -26], "31II": [-65, -5], "70": [97, -8], "90II": [-60, -31], "92III": [-58, -33], "86II": [-34, -100], "76": [-98, 95], "45II": [56, 73], "61": [-45, -81], "52II": [35, 86], "92IV": [43, 78], "19": [96, 10], "89": [-77, 90], "1III": [-38, -49], "69": [-20, 12], "54II": [57, -52], "95": [72, 19], "62II": [-92, -37], "90III": [-6, -28], "39II": [-4, 97], "11": [36, -26], "49": [30, 20], "47": [45, -90], "26II": [-79, 78], "62III": [12, -15], "39III": [-43, 61], "91": [-19, 32], "89II": [-35, 21], "20": [-65, 34], "3": [-60, -92], "31III": [-72, -7], "60III": [-34, -13]}}