{"organ": {"0V": [-155.70826, 199.38527], "0VI": [-65.18185, -32.69201], "0IX": [172.03705, 2.36246], "47": [-25.6556, -38.5196], "89": [0.82373, 45.58158], "24": [77.39619, 79.98638], "4": [-124.72314, 10.07269], "95": [-55.65052, -175.07438]}, "plant": {"30II": [-47, -31], "44II": [-23, 5], "10II": [-12, 8], "74III": [-33, -19], "19II": [-45, 64], "91II": [-97, 65], "32II": [-77, -30], "20II": [-69, 56], "45III": [95, 52], "71IV": [7, -89], "20": [93, 32], "11IV": [49, -90], "66III": [14, -7], "86": [-37, -18], "24": [73, 96], "41": [98, -79], "77": [-59, 87], "45": [50, -22], "32": [-50, 3], "67": [-34, -10], "34IV": [-44, -20], "55II": [22, 37], "74II": [-59, -24], "80": [-47, 49], "7III": [-61, -54], "10": [-30, -43], "97": [-14, 50], "31II": [27, 93], "43II": [-45, 69], "69": [-89, -37], "70": [17, -28], "64": [-40, 88], "34": [-1, 0], "27": [-56, -23], "63II": [88, -27], "89": [-62, 41], "17": [75, 54], "9": [-13, -72], "76": [-34, 53], "41II": [-5, 39], "93": [69, -68], "21": [52, 84], "95": [-73, -15], "63III": [-55, 17], "56": [57, -23], "97II": [-17, -29], "66IV": [-6, 50], "36II": [94, -65], "52": [-75, -2], "98": [29, 23], "51": [-21, 89], "68": [58, -78], "81": [-42, -61], "60III": [-78, 1], "37II": [-42, 7], "4V": [-82, 77], "23": [-32, 48], "71": [-60, -19], "8": [-7, -27], "11V": [14, 96], "60": [83, 2], "68II": [-1, 84], "26II": [13, 25], "52II": [-11, 74], "93II": [-12, -91], "2III": [-57, -25], "9II": [-86, -90], "39": [59, 33], "39II": [-32, 33], "65III": [12, 69], "1II": [70, 78], "82III": [-56, 28], "47": [-68, -26], "72II": [91, 80], "97III": [-12, 6], "64II": [-43, -72], "11VI": [49, -7], "4": [-73, -99], "99": [23, 44], "63IV": [-25, 89], "76II": [-42, -27], "4II": [26, -99], "65IV": [89, 59], "63V": [64, -28], "63VI": [3, 75], "19": [72, 87], "15II": [57, 70], "88": [-89, -28], "66": [92, 44], "84": [30, 92], "48II": [63, -2], "45II": [8, 33], "46III": [-43, -96], "99II": [62, 79], "80II": [-83, 35], "43": [-57, -34], "65V": [45, -87], "57": [54, 28], "31": [-74, 17], "83": [-88, -39], "71II": [29, 50], "28": [7, 36], "80III": [37, -46], "85": [-99, 88], "24II": [98, 61], "91": [39, 25], "7": [89, 13], "83II": [-76, -10], "71III": [-75, -7], "77II": [-4, -67], "95II": [-39, -36], "46": [11, 51], "12": [-5, 99], "86II": [80, 13], "56II": [-85, 69], "56III": [-32, -52], "9III": [-89, 92], "95III": [26, 86], "97IV": [-12, -99], "6II": [39, 18], "33II": [14, 96], "64III": [68, 89], "63VII": [-72, 41], "29": [16, 93], "83III": [83, 76], "12II": [-37, 48], "63VIII": [-74, 68], "64IV": [-95, 68], "76III": [19, 93], "94": [14, 82], "23II": [3, -89], "80IV": [56, 89], "58": [-25, 28], "86III": [63, 7], "99III": [-40, 56], "42": [-90, -51], "66II": [91, 83], "33": [21, -18], "82": [-46, 15], "78": [50, 5], "55": [-89, 53], "2": [88, -88], "54": [-73, -91], "78II": [21, 71], "74": [-44, -74], "73": [15, -23], "1": [-28, -65], "42II": [93, -98], "51II": [55, 20], "27II": [3, 12], "52III": [28, -6], "72": [-72, -50], "46II": [-63, 49], "57II": [-34, -88], "97V": [-30, 65], "38": [-33, 91]}}