{"organ": {"1XX": [99.0, -64.0], "43XVIII": [-34.92103, 39.41471], "35XXXV": [45.04261, 53.12388], "90XXVI": [7.7653, -7.32157], "84XXX": [29.76464, 17.09313], "9XXIV": [-15.79909, 7.50754], "24XXXIII": [-5.0, -81.0], "42XXX": [-43.25264, -61.63905], "62XXVIII": [48.0, -3.0], "85XXIV": [-47.54209, -63.36238], "52XXIX": [-40.87028, -55.54668], "21XXXII": [-74.0, 73.0], "66XXXV": [-18.0, -37.0], "48XXXVI": [28.0, -4.0], "23XXXII": [22.0, 60.0], "21XXXIII": [107.45602, 99.41739], "20XXIV": [-62.36754, -59.83827], "74XXX": [-47.01915, -25.2091], "61XXX": [14.74099, 53.01366], "68XXXI": [-19.71832, -69.86407], "79XXIV": [69.0, 18.0], "44XXIX": [-29.0, -96.0], "3XXV": [33.00213, 8.42915], "49XXXIV": [81.0, -24.0], "61XXXI": [22.9122, 17.69358], "17XXIX": [-51.0, -58.0], "10XXXIV": [14.74099, 53.01366], "41XXXVII": [-4.27861, -51.98321], "21XXXV": [-92.0, -65.0], "62XXXI": [-99.0, -20.0], "56XXXV": [-46.0, 59.0], "19XXIX": [-71.0, -1.0], "44XXX": [4.0, -82.0], "16XXXIII": [-50.0, -67.0], "26XXXI": [-31.0, 66.0], "40XXXVIII": [-8.25565, -26.50221], "3XXVI": [21.74885, 50.80765], "90XXVII": [7.04485, 6.31934], "35XXXVIII": [-44.6146, 14.76799], "64XXVIII": [-86.0, 3.0], "94XXXVI": [-60.0, -41.0], "65XXXII": [23.0, 87.0], "45XXXIII": [95.83942, 107.66597], "67XXXIII": [-9.0, -0.0], "46XXIX": [-31.51011, -13.82503], "66XXXVI": [-25.36837, 93.05946], "3XXVII": [-70.06349, -21.25708], "51XXIV": [89.0, 31.0], "21XXXVI": [-31.51011, -13.82503], "31XXXII": [-11.86795, 79.79522], "39XXXII": [-4.0, -42.0], "99XXX": [11.0, -12.0], "81XXXII": [32.0, 49.0], "92XXV": [94.0, -57.0], "85XXVI": [-35.95649, -49.34221], "20XXV": [78.2024, 22.49234], "0XXVII": [-74.0, -41.0], "71XXVII": [32.0, -40.0], "17XXX": [-20.0, 87.0], "65XXXIII": [29.82082, 63.42735], "2XXXIV": [-66.0, 25.0], "98XXVII": [-21.0, 39.0], "60XXXVII": [12.63256, -63.18709], "41XXXVIII": [-26.17914, 4.6669], "39XXXIII": [63.47549, -79.4648], "68XXXII": [-62.63002, -63.10272], "55XXXV": [22.0, -85.0], "51XXV": [48.30611, -57.80501], "79XXVI": [-82.0, -78.0], "34XXVIII": [-95.0, -8.0], "81XXXIII": [-10.25986, -26.20407], "63XXXI": [-93.2924, -14.04092], "22XXXI": [-71.23636, 9.14543], "53XXIII": [-14.22358, -36.50729], "1XXVIII": [-19.91269, 41.9367], "81XXXIV": [-17.46527, 46.54593], "69XXVI": [24.35185, 85.53916]}, "plant": {"94": [-91, 38], "64II": [-27, 47], "86": [-90, 34], "67": [-23, 34], "90": [-89, 56], "65": [-81, 78], "67II": [-74, 77], "94III": [-60, 49], "3II": [49, 78], "75III": [-97, 98], "6": [9, -98], "87": [-79, -97], "63": [-9, -91], "75": [0, -87], "76II": [-92, 12], "77": [-70, 41], "53": [-34, 74], "71": [19, -45], "29": [92, 22], "21": [-79, -64], "99": [58, 38], "79": [-99, -31], "28": [-30, 23], "20": [-12, 20], "10": [98, -85], "50": [-34, -92], "96": [10, -3], "80": [-43, -20], "34": [5, 4], "19": [-14, -97], "59": [-13, 37], "47": [-68, -14], "94II": [-73, 3], "81": [40, -25], "12": [97, -68], "18": [33, -71], "36": [-40, 81], "49": [71, 86], "60": [36, -46], "87II": [-74, 91], "98": [21, -53], "81II": [-90, -94], "10II": [-62, -53], "78": [-26, 75], "21II": [29, 99], "92": [91, 47]}}