{"organ": {"larry": [-34.0, -26.0], "garry": [2.0, -48.0], "23": [-27.51916, -33.66942], "19": [-12.48084, -23.33058], "10": [35.0, -30.0], "58": [13.0, 13.0]}, "plant": {"67III": [0, -53], "35": [-59, -55], "52II": [15, -70], "68II": [-84, 58], "16": [-71, -72], "42": [23, 45], "91": [-17, -67], "44II": [17, 49], "59": [61, -84], "6III": [-79, -69], "88": [55, 49], "39": [-99, 58], "27II": [76, -39], "99": [31, -81], "13": [86, -62], "95II": [-54, -92], "72": [-42, 68], "10": [-36, -72], "96II": [-40, 59], "84II": [-93, 63], "79": [-93, -31], "19": [72, 57], "54": [-69, -59], "4": [39, -63], "34": [-64, 17], "20II": [-5, 88], "79II": [-12, 21], "21": [-85, -65], "78III": [92, 47], "55": [-87, 47], "53": [-41, -1], "57": [-64, -23], "80": [-78, 67], "94": [-62, -45], "18": [-7, 63], "52III": [-29, 5], "6IV": [36, 72], "87": [84, 79], "4II": [-41, 48], "40": [-92, -56], "87II": [82, 93], "69": [-47, 34], "98": [59, -25], "71": [-9, 32], "34II": [13, -91], "34III": [29, 97], "70II": [-8, 61], "19II": [72, 33], "93V": [43, 45], "48": [88, -70], "28": [-48, -74], "34IV": [-36, 36], "98II": [-52, 48], "97": [-49, 25], "55II": [50, 47], "76": [-65, -24], "38": [-40, -78], "33": [51, 70], "43": [-85, -92], "28II": [-64, -65], "49": [-78, -65], "32": [-4, 40], "72II": [60, -3], "97II": [41, 73], "80II": [97, 96], "85": [86, 23], "35II": [-91, -2], "39II": [-12, 39], "65": [-20, 4], "9": [-4, -20], "58": [91, 4], "18II": [11, -46], "19III": [74, 69], "10II": [-29, 93], "16II": [-3, 81], "8II": [63, -13], "24II": [-2, -98], "62II": [-99, 11], "73": [-57, 59], "15": [84, -95], "30": [-27, -59], "10III": [-37, 48], "14": [80, 85], "58II": [56, -40], "33II": [22, -59], "17": [96, -56], "18III": [-52, -75], "39III": [-19, -14], "86": [27, 51], "12": [-13, 65], "18IV": [87, -34], "41": [11, -35], "17II": [18, -95], "76II": [-91, -52], "50": [-83, -46], "54II": [94, -17], "42II": [-46, 82], "3": [-86, -11], "65II": [64, 47], "1": [-62, 12], "70": [-24, -1], "44": [28, -12], "5": [-18, 33], "6": [-19, 52], "18V": [64, -33], "40II": [45, 80], "54III": [-54, -96], "26": [83, -77]}}