{"organ": {"38": [52.0, 44.0], "24": [92, -8], "18": [32.65759, -35.94871], "35": [-83.0, -3.0], "0": [92.0, 1.0], "21": [1.0, -44.0], "99II": [31.0, -68.0], "62": [-3.83583, 7.29454], "6": [63.48502, -42.89607], "60": [72.0973, -68.63655], "58": [-19.19472, -1.26006], "1": [-90.0, 9.0], "40II": [-56.0, -20.0], "37III": [32.88067, -27.70495], "81": [14.86681, 41.28857], "67": [34.96049, 20.1754], "27": [-46.0, 27.0], "6III": [34.75504, 45.94143], "31": [-22.0, 8.0], "72II": [35.66077, -57.49327], "67II": [79.0, -81.0], "61": [64.05773, -9.65202], "2II": [8.0, 4.0], "66": [53.18679, 0.96157], "88III": [60.0, 83.0], "28": [104.23726, 45.55795], "82": [-39.0, -73.0], "85": [-7.0, -33.0], "5II": [81.0, -11.0], "99V": [36.74906, -47.52673], "80": [-22.55307, -39.00504], "35III": [51.06638, 26.01223], "41V": [31.63475, 20.86171], "38IV": [-60.27955, -6.86748], "62IV": [7.45, 15.09993], "30V": [21.0, -71.0], "87II": [41.0, 25.0], "32": [-20.82952, 13.88546], "60II": [-54.0, -79.0], "58III": [-60.08602, -6.66403], "72III": [27.30551, -25.89203], "13II": [36.74906, -47.52673], "9II": [75.0, -26.0], "97": [89.0, -15.0], "27II": [-42.67988, -5.91599], "39II": [-41.41791, 5.27679], "15": [63.0, -69.0], "56II": [24.0, -75.0]}, "plant": {"33II": [-85, -81], "82": [-82, -81], "48": [-99, 95], "41": [-21, 43], "86II": [-69, 39], "35": [63, 90], "7": [-94, 71], "59II": [29, 17], "27": [-92, -18], "71": [-55, 89], "48II": [54, -83], "16": [-98, 86], "7II": [-86, -36], "51": [78, 63], "98": [27, 73], "8": [-92, 54], "34": [67, 93], "97": [-34, -54], "47": [-81, -73], "16II": [-42, 85], "68": [26, -98], "46": [95, 78], "38": [38, -97], "26": [-74, -87], "70IV": [-33, 53], "54": [46, -99], "8II": [82, 91], "80": [-29, 36], "43": [99, -100], "87": [40, -97], "23": [-16, 45], "68II": [12, 87], "52": [9, 96], "27II": [-23, -46], "6": [75, -84], "96": [-61, -53], "72II": [-8, 62], "32": [-61, -84], "75II": [56, 31], "51II": [-71, -55], "82II": [18, 87], "71II": [-13, 62], "86": [-49, -17], "9": [-40, 7], "18": [-67, 28], "45": [91, -15], "53": [91, 93], "29": [93, 37], "82III": [-72, 49], "29II": [15, -27], "18II": [-100, -51], "12": [-69, 97], "74": [32, -100], "94": [-74, -27], "80II": [1, 48], "91": [-84, -25], "71III": [-31, 49], "96II": [-79, 66], "1": [-66, -46], "78": [-12, -62], "60": [20, 35], "72": [15, 99], "12II": [29, -32], "51III": [87, 57], "69": [88, 63], "5": [-33, 56], "1II": [86, -51], "52II": [-83, 21], "30": [-75, -77], "11": [-86, 47], "3": [50, -32], "68III": [-65, -79]}}