{"organ": {"garry": [68.0, -36.0], "75": [54.0, -97.0], "43": [47.0, -51.0], "64": [-18.39849, -15.51371], "11": [19.34972, -46.27373], "5": [-2.19858, -38.52152], "60": [20.0, -85.0], "0": [-33.15127, -21.33362], "73": [99.0, -95.0], "73II": [-40.97152, -21.44526], "82": [49.0, -27.0], "15II": [60.3914, -15.51465], "90": [90.0, -33.0], "48": [-86.88854, -55.94427], "27": [-31.0, -23.0], "57": [38.64952, 21.42517], "56": [53.01872, -5.00781], "93": [-5.60544, -9.97325], "25": [49.0, -50.0], "68": [-18.73259, -19.72785], "7": [59.51411, 36.79427], "47": [29.2872, 31.14928], "62": [22.64019, -15.61914], "89": [67.0, 52.0], "59": [37.0, -8.0], "62II": [-14.38626, 3.37638], "32": [12.80406, 29.38902], "71": [-44.0, 62.0], "59II": [53.41595, -25.00333], "60II": [79.0, 54.0], "66": [91.0, 4.0], "34": [27.0, 66.0], "78": [4.0, -27.0], "62III": [15.40191, 32.31922], "99": [-41.0, 32.0], "58": [56.0, -1.0], "82II": [7.0, 15.0], "12II": [9.26187, 7.94688], "34II": [69.0, 30.0], "93II": [33.17199, -29.03195], "8II": [-27.0, -18.0], "58II": [4.0, -18.0], "90II": [62.0, 63.0], "0II": [63.0, 93.0], "17II": [92.0, 72.0], "26": [-29.78704, 39.48257], "37": [-24.0, 57.0], "41": [-58.0, -34.0], "79": [-82.0, 64.0], "21": [35.72563, -44.35376], "11II": [86.0, -20.0], "3": [12.58491, -0.35845], "50": [-39.0, -44.0], "86": [7.0, -11.0], "42": [14.0, 10.0], "6": [32.0, 57.0], "7II": [33.0, -5.0], "72": [-60.60907, -0.54817], "69": [-6.41165, 0.18386], "53": [-30.41102, 14.541319999999999], "75II": [-2.0, 78.0], "56II": [55.0, 50.0], "31": [65.0, 9.0], "83": [-47.0, -20.0], "78II": [-29.78704, 39.48257], "10": [54.0, 65.0], "5II": [66.0, 13.0], "15": [75.0, -9.0], "56III": [75.0, 36.0], "38": [-4.5409, 66.77252], "8": [42.0, 64.0], "43II": [-45.02941, 64.22858]}, "plant": {"42II": [44, -20], "17II": [46, -27], "42": [-50, -70], "96II": [69, -15], "34": [-91, -84], "64II": [-93, -40], "35III": [90, 42], "40II": [-68, 75], "75": [49, -84], "88": [-90, -45], "80II": [14, -74], "56": [-45, -61], "15II": [95, 50], "76": [80, -28], "60": [-39, -51], "59II": [35, -71], "16II": [1, -32], "50": [52, -81], "87": [-77, 89], "79": [-75, 90], "79II": [26, -85], "89": [9, 95], "18": [-77, -70], "62": [-84, 15], "0": [-26, 81], "29": [-64, -79], "82": [70, -33], "44": [-80, 19], "93II": [-60, -49], "32": [26, 91], "9": [51, -28], "1": [-14, -75], "72II": [50, 56], "62II": [-91, -35], "44II": [49, -56], "6": [-82, -5], "81": [-4, -32], "81II": [83, -35], "80": [69, -89], "83": [-64, -18], "20": [96, -28], "19": [0, -68], "95": [-66, 69], "1II": [27, -85], "6II": [94, -80], "89II": [-80, -51], "92": [-56, -92], "56II": [86, -94], "27": [-59, -76], "39": [-96, -69], "22": [52, -45], "90": [-19, -55], "32II": [77, -100], "28": [87, 93], "38": [-98, -46], "14": [-12, 17], "76II": [-61, -24], "25": [45, 60], "51": [-82, -76], "88II": [-49, -72], "1III": [-61, -20], "37": [-75, -60], "22II": [-9, -17], "29II": [-82, 46], "51II": [-10, -9], "87II": [94, 19], "3": [-13, 64], "37II": [6, -47], "76III": [74, -81], "24": [-59, -14], "94": [-60, -28], "2": [61, 85], "41": [78, -41], "5": [35, 80], "92II": [94, -27], "61": [-52, 44], "91": [-17, 83], "90II": [83, -48], "91II": [1, -58], "28II": [8, 49], "74": [3, 99], "48": [-94, -66], "85": [-83, -49], "28III": [21, 76], "39II": [-67, -29]}}