{"organ": {"93XI": [1.0, 5.0], "32XVI": [-55.0, -49.0], "82XIV": [-4.70779, -7.00723], "95IX": [-35.0, -88.0], "60X": [-33.0, -6.0], "28XIII": [4.0, 66.0], "4VI": [7.40661, 28.76994], "85VII": [-2.0, -20.0], "76VII": [-73.52234, -44.08008], "39XI": [1.0, -84.0], "91XI": [-30.28648, -20.41156], "14V": [56.06817, -18.36589], "32XVII": [24.25845, 19.39221], "47XI": [8.0, 33.0], "72VII": [-45.0, 91.0], "38X": [67.82121, 24.0684], "72VIII": [-79.7294, -118.88727], "79IX": [72.0, 53.0], "61XIII": [-8.16807, -25.5438], "92VII": [-27.10639, -17.83007], "68VIII": [-31.0, 55.0], "37XII": [89.0, 68.0], "20XIII": [52.0, -17.0], "87XIII": [4.44665, -17.26897], "57XIII": [19.42235, 20.1628], "1XIV": [-85.0, -12.0], "91XII": [0.21111, -11.71369], "75XVI": [-41.0, 72.0], "20XIV": [-29.0, 83.0], "49XI": [-42.0, 21.0], "22V": [-9.0, 37.0], "7XV": [-24.26714, -39.51482], "54VIII": [51.0, 52.0], "89V": [-18.3455, 17.08107], "0LVII": [4.48614, -21.56843]}, "plant": {"9": [33, 65], "71": [-87, -5], "34": [73, -17], "51": [93, -4], "56": [-73, 39], "40II": [-31, 94], "15II": [17, 38], "69": [36, 77], "66II": [32, 97], "98": [6, -94], "35": [-88, 54], "18": [95, -53], "85": [20, -25], "13": [-5, 55], "13II": [72, -9], "64": [-5, -71], "9II": [70, -10], "69II": [24, 61], "81": [62, -19], "2": [77, -53], "35II": [-33, 58], "25": [-96, 78], "65II": [35, 70], "12": [-92, 76], "65III": [53, 80], "22": [-80, -42], "81II": [69, 95], "7": [42, 47], "44": [-53, -86], "2II": [45, 60], "91": [-93, 54], "49III": [54, 65], "20II": [73, -26], "22II": [71, 33], "83": [90, -100], "13III": [21, 82], "31": [10, -47], "60": [5, -57], "90": [57, -10], "58II": [-82, 83], "14": [97, -12], "23": [8, 86], "14II": [62, 54], "84II": [87, -56], "67": [13, 36], "27": [69, 62], "24": [-38, -5], "4": [-81, -51], "45II": [-9, -68], "41": [-93, 18], "55II": [28, -47], "37": [52, 5], "7II": [-46, 23], "15": [71, 6], "74": [12, -71], "74II": [57, 78], "41II": [46, 44], "79": [-11, 9], "8": [77, -92], "78": [-63, -78], "35III": [4, -49], "47": [31, 98], "23II": [33, 52], "7III": [44, 34], "86": [-39, -100], "17": [25, 20], "5": [-48, -13], "55": [-33, -52], "28": [-81, -2], "13IV": [34, 16], "92": [-74, -68], "37II": [45, -88], "53": [-86, -46], "34II": [-43, 16], "83II": [-35, 59], "12II": [4, 81], "87": [27, 52], "49": [-63, 82], "97": [24, -46]}}