{"organ": {"42V": [-72.41138, 84.33654], "42VII": [90.0, 6.0], "68VI": [-53.0, 37.0], "45VI": [22.4658, 10.43784], "86VIII": [235.55683, 20.93098], "14VII": [-92.0, -27.0], "9VII": [61.99162, -71.01664], "4VII": [159.44635, 63.04036], "18V": [32.0, -12.0], "22VI": [91.81264, 71.23579], "51VI": [1.0, -24.0], "51VII": [-26.0, 52.0], "14XIII": [-64.0, -8.0], "90IV": [90.0, -68.0], "26VII": [-5.0, -53.0], "60XI": [43.0, 54.0], "38V": [-79.82075, 62.36862], "13III": [61.84073, 50.33948], "32XIV": [-24.64854, 44.8605], "80VIII": [-47.0, 18.0], "41VIII": [46.0, 33.8], "74X": [35.8933, -51.5513], "15IX": [47.0, 52.0], "89V": [-18.55177, 24.35045], "59VII": [4.4722, 35.45712], "81VIII": [-30.0, -85.0], "99VII": [-96.0, 43.0], "62VII": [-7.30177, -56.96978], "15XI": [48.26377, -75.13724], "88XII": [-32.0, -55.0], "9VIII": [-89.0, -41.0], "82VIII": [15.38381, 93.03829], "4VIII": [13.67912, -50.33552], "68XII": [-52.0, -47.0], "4IX": [-42.93762, -28.32132], "44XI": [-17.8527, -18.28172], "96XI": [93.0, 16.0], "45X": [-18.15316, 34.96892], "71VII": [-35.1349, 57.53338], "54IX": [-32.72216, 31.86002], "91VII": [35.8933, -51.5513], "31VI": [-44.53091, -94.38109], "10VII": [-0.39269, 47.75563], "46VII": [57.0, -43.0], "33V": [20.96496, -77.68949], "55V": [-3.50081, -9.56177], "2IX": [3.11041, 31.66796], "24XI": [-40.89289, 49.26164], "47IX": [-69.78875, -57.6024], "89VI": [-1.62091, 45.48774], "15XII": [-80.65772, 28.66621], "96XII": [-6.71673, -28.57616], "32XV": [-68.0, -50.0], "20IV": [-51.0, 52.0], "18VII": [-33.48589, -52.47185], "41X": [-5.97431, -9.69488], "45XI": [46.0, 39.0], "60XIII": [63.75385, -20.23713], "21X": [-79.13865, 2.61212], "62VIII": [-80.49886, 31.15356], "27IX": [41.23739, 66.28412], "34VIII": [15.85238, 45.72841], "50VII": [53.60759, -3.76947], "91IX": [60.0, -5.0], "80IX": [-27.69339, -5.47917], "37XVI": [-21.70857, 36.34376], "93XVI": [6.41228, -19.6813], "46VIII": [-4.33259, 17.34705], "55VI": [-51.72998, 38.52153], "58IX": [-47.74217, 30.43], "35X": [30.11171, 28.50862], "82IX": [57.94888, 50.98577], "98XI": [43.78925, -68.57894], "62IX": [58.52558, -41.46225]}, "plant": {"21II": [-82, -78], "45": [51, -69], "44": [8, 73], "69": [-3, -91], "3II": [93, -46], "54": [99, -65], "11": [33, 76], "84": [63, 84], "9II": [-87, -75], "66II": [6, -87], "93": [-42, 94], "63": [90, -41], "45II": [50, -62], "14": [27, -91], "62": [33, -58], "52": [-71, 88], "99II": [75, -69], "81": [6, -100], "50": [-87, -95], "45III": [-55, 99], "12": [97, 71], "16III": [-64, 98], "69II": [63, -40], "25": [-86, -16], "35": [80, -4], "50II": [-54, 25], "88": [-25, -52], "48": [98, -8], "10": [22, 99], "36": [38, 29], "63II": [96, 77], "37": [-74, -25], "33": [-66, -65], "24": [-5, -18], "0": [-67, -27], "67": [52, -16], "17": [59, 4], "8": [-39, -41], "23": [9, 56], "45IV": [-62, 43], "18": [64, 45], "25II": [-41, 89], "98": [24, -58], "26": [90, 28], "78": [-27, 69], "59": [88, -84], "83": [-24, -14], "75": [-15, 15], "71": [-23, -36], "17II": [-20, -6], "70": [69, 38], "33II": [84, -10], "49": [13, 73]}}