{"organ": {"31": [1.0, 14.0], "99": [37.0, 22.0], "42": [-14.09936, 10.75839]}, "plant": {"31II": [-37, 3], "47II": [-80, -80], "42II": [50, -53], "34": [48, 78], "1II": [13, 27], "39": [46, -38], "67IV": [54, -15], "42III": [20, 78], "87II": [35, 96], "62IV": [-3, -95], "6II": [25, 72], "11": [15, 1], "79": [62, 61], "64": [-61, 45], "58": [-35, -56], "58II": [-99, -18], "61": [58, 74], "99": [66, -18], "74": [-88, 77], "94": [-23, -33], "99II": [-3, 90], "75II": [10, -97], "36IV": [40, 65], "68": [-47, -13], "46": [4, -44], "91III": [26, -13], "16III": [-71, 0], "61II": [-81, 87], "89": [0, -31], "10": [58, -50], "55": [-43, -65], "48": [-82, 39], "89II": [58, -93], "88": [-17, 80], "98": [16, -89], "79II": [79, 6], "52": [-34, 67], "50II": [-82, 40], "76": [14, 85], "65": [75, 93], "42": [-14, -2], "56": [42, -17], "98II": [81, -30], "43II": [-89, 83], "73": [-22, 48], "63": [-69, -89], "78": [-62, -69], "14": [-45, 63], "26": [-19, 10], "85": [-48, 7], "44II": [39, -30], "49": [54, 39], "57": [37, -84], "53": [-30, 7], "20": [4, 97], "81": [74, 73], "4": [41, -91], "80": [-48, 61], "83": [-55, 7], "88II": [78, -19], "72II": [-27, 93], "10II": [98, 2], "7": [-37, -30], "29": [99, 36], "73II": [-74, 63], "7II": [-66, -6], "57II": [-100, -74], "80II": [3, -58], "80III": [43, -89], "31": [67, -24], "53II": [-53, 87], "72III": [-15, 40], "28": [-37, -20], "14II": [-9, -55], "98III": [7, -23], "37": [45, -37], "50III": [-92, -81], "95II": [-22, 79], "43III": [21, -16], "19": [75, 76], "58III": [-64, 77], "20II": [57, -57], "20III": [95, 93], "48II": [-94, -41], "5": [-64, 77], "21": [42, -21], "3": [-50, -84], "60": [-76, 75], "17": [-14, 28], "18": [-48, -60], "8": [4, 76], "50": [39, 12], "74II": [-9, -78], "12": [-44, 35], "51": [23, 84], "75": [-73, -21], "6": [11, 65], "44": [96, -67], "25": [-56, -11], "40": [-75, -30], "17II": [-84, 71], "67": [60, 61], "32": [-28, -53], "92": [-43, 87], "52II": [23, -14], "88III": [59, -93], "16": [-75, -75], "84": [53, 8], "10III": [61, -47], "49II": [-12, -5], "90": [85, -88], "68II": [33, -79], "29II": [-42, -9], "48III": [88, -97], "29III": [52, 64], "26II": [13, 4], "29IV": [62, 5], "28II": [-8, -72]}}