{"organ": {"larry": [17.0, -25.0], "garry": [14.0, -30.0], "6": [73.64378, -56.72599], "24": [96.0, -12.0], "53": [29.0, -22.0], "86": [67.0, 8.0], "93II": [17.1971, -23.21077], "65": [-6.0, 11.0], "63": [4.0, 15.0], "1": [55.34776, 13.46786]}, "plant": {"64II": [63, 82], "71II": [27, -71], "16II": [-73, -68], "8II": [-35, -48], "57II": [-19, -75], "81": [15, 33], "66": [99, 35], "72II": [-78, 0], "8III": [25, -96], "87": [61, -75], "81II": [-1, -62], "75": [-46, 99], "57": [-68, 58], "54": [-76, -85], "16": [-86, -95], "73": [75, 1], "5III": [-32, -54], "25II": [-68, -69], "82": [-94, -84], "38": [-48, 23], "31": [-38, -73], "43": [-3, -26], "60": [0, 63], "86": [46, 89], "61II": [-24, -99], "55II": [7, 71], "60II": [-66, -97], "78": [-37, 28], "54II": [-92, -45], "73II": [46, 96], "40": [71, 74], "23": [-98, 94], "93": [82, 69], "66II": [-27, 92], "86II": [-23, 17], "82II": [-31, 79], "41": [-57, -85], "43II": [-94, -83], "0": [17, -70], "3": [81, -37], "53III": [39, -77], "8": [-84, 77], "82III": [-49, -11], "25III": [-19, 98], "46II": [40, -73], "26": [-37, 0], "33III": [-5, 75], "80": [-61, 56], "51": [63, -87], "73III": [-20, -44], "62II": [-65, 51], "97": [-68, -18], "95": [-38, -74], "17II": [-93, -47], "90II": [17, -100], "49": [-47, 46], "38II": [6, -97], "11": [75, -97], "85": [8, 16], "99": [-29, -85], "19": [-62, 30], "86III": [85, 75], "15": [-96, -74], "87II": [84, 31], "27": [68, 18], "34": [31, -38], "49II": [1, 34], "80II": [-49, -69], "37": [-84, 88], "74": [99, -66], "45": [-45, 75], "68": [46, -32], "3II": [32, 93], "79": [-88, -36], "62": [41, 78], "14III": [-66, -28], "45II": [-28, -71], "72": [-94, -23], "25": [-55, 89], "96": [86, 51], "48": [71, 8], "79II": [-5, -42], "77": [-1, 54], "42": [59, -11], "0II": [3, 21], "41II": [-46, 72], "52": [-10, 5], "98": [-95, -65], "29": [-78, -98], "38III": [-66, -10], "23II": [-74, -100], "85II": [50, 31], "9": [-36, 23], "82IV": [-84, -77], "20": [-52, -20], "19II": [48, -65], "82V": [43, -82], "10": [-58, 0], "98II": [-49, 7], "69": [69, 27], "64": [-87, 46], "99II": [55, 73], "79III": [-63, -17], "39": [28, 38], "11II": [4, 86]}}