{"organ": {"larry": [6.30936, 12.42021], "garry": [31.27309, 17.68243]}, "plant": {"71": [52, -34], "65": [20, 33], "75": [-30, -57], "80": [-29, 16], "6": [-60, -70], "50": [71, 95], "79": [-56, 75], "41": [-39, -11], "30": [-54, -22], "56": [0, -91]}}