{"organ": {"75": [1.19976, 30.82996], "43": [-16.0, -60.0], "7": [6.15542, -10.68916], "95": [-46.15491, 9.59139], "37": [53.26863, -35.86201], "46": [60.0077, 79.06595], "78": [40.0, -15.0], "87": [-29.49485, -37.53978], "73": [-3.85985, -40.66308], "85": [83.07099, -13.87292], "71": [-82.0, 52.0], "49": [61.0, 13.0], "25": [-32.79473, 59.3842], "32": [-66.08496, 28.86209], "51": [74.0, 15.0], "82": [-43.77773, -2.06129], "37II": [42.0, 0.0], "51II": [-12.90499, 26.48129], "28": [-22.24237, -17.49657], "61": [60.83613, 77.5632], "39": [40.0, -2.0], "87II": [-74.42229, -49.3226], "85II": [26.80809, 49.96489], "9": [-52.69406, -39.16304], "26II": [-33.14929, -41.40285], "75II": [-11.0, -11.0], "65II": [56.32177, -78.95183], "40": [-8.16924, -26.26129], "69": [31.34505, -53.73693], "55": [-4.02856, -4.52403], "18": [-5.33254, 22.80149], "23": [-56.77523, -26.1485], "19": [75.16053, -21.55497], "24": [22.75365, -6.9949], "9II": [13.55148, -19.08381], "93": [-11.35755, -10.87773], "69II": [-43.95401, -21.03613], "37III": [-8.0, -47.0], "90": [-47.85641, -38.0], "26III": [-20.48725, -55.77477], "76": [20.40969, -23.78137], "58II": [-43.0, -66.0], "26IV": [-11.35755, -10.87773], "89": [-22.05486, 47.10734], "54": [-8.0, -54.0], "14": [43.0, 83.0], "0": [18.0, 71.0], "60": [-29.90062, 44.71481], "49II": [80.1291, 20.94286], "47": [41.69163, -16.98373], "45": [83.33171, 23.70224], "7III": [-24.41583, 57.27767], "71II": [-49.0, -3.0], "4": [-12.90499, 26.48129], "18II": [-42.1415, 18.29942], "85III": [24.08065, 25.1613], "30": [26.24617, -43.82821], "1": [10.19086, 55.34323], "53": [18.57054, 46.92446], "65III": [18.0, 45.0], "65IV": [91.0, -65.0], "79III": [21.45364, -34.37649], "61II": [74.0, -19.0], "47II": [31.92048, -24.26271], "9III": [-22.90119, -7.45652], "28II": [-24.16812, -6.91327], "11": [-18.03326, 21.54045], "53II": [-17.85657, 26.60967], "19II": [-4.52785, -23.74202], "23II": [-35.71365, 20.50442], "92II": [12.84831, 29.70515]}, "plant": {"42II": [80, -97], "4II": [-75, 79], "70II": [-62, -28], "72": [-77, 35], "6": [77, -69], "9II": [-72, -21], "38III": [-54, -34], "86": [-28, 63], "37": [-58, -37], "93II": [-64, -23], "82": [-96, -12], "44II": [-25, 84], "73II": [48, 98], "65": [-36, 80], "88": [98, 40], "87": [13, -77], "62": [-97, 96], "12": [-1, -62], "72II": [22, -93], "86II": [-80, 41], "63": [96, -75], "19": [-57, -29], "57": [-46, -32], "91": [6, -75], "33": [-92, -47], "14": [-34, 63], "85": [64, 48], "64II": [-85, -29], "40": [24, 97], "53II": [57, -27], "84": [80, 39], "67": [75, 90], "87II": [-96, -2], "9": [65, -19], "5": [91, -88], "43": [-18, 81], "19II": [-4, 83], "15": [-29, 96], "51": [-74, -82], "71": [22, -55], "44": [17, 68], "12II": [97, 87], "46": [-80, 51], "99": [-16, 86], "28": [-47, -28], "92": [-11, 26], "69": [-4, 38], "26": [-95, 96], "87III": [94, 3], "67II": [-84, 60], "36": [-50, 4], "41": [-78, -92], "99II": [38, -51], "80": [27, -79], "95": [22, 44], "10": [79, 65], "84II": [-41, -66], "19III": [73, -47], "47": [35, -18], "58": [-28, 64], "84III": [91, -60], "23": [65, 88], "37II": [-96, 21], "77": [-97, -25], "68": [91, 21]}}