{"organ": {"63CCCLVI": [-60.06092, 32.92822], "90CCCLIII": [-65.33473, 66.64508], "50CCCLXIII": [9.0338, -65.52497], "47CCCLXIV": [-28.44394, -38.83911], "62CCCL": [-91.0, -77.0], "12CCCLXXII": [-82.6204, -92.784], "91CCCLXXXVIII": [-87.0, -7.0], "10CCCXCVI": [-65.0, 84.0], "85CCCXX": [12.64322, 43.73177], "44CCCXLII": [5.74334, 22.98558], "67CCCLVI": [-36.57713, -34.73572], "76CCCLXIII": [-279.81793, -145.61408], "13CCCXXXIX": [22.29429, 23.34817], "71CCCLVII": [-86.0, -85.0], "98CCCLXXXIX": [54.40734, 75.51841], "0CCCIV": [-100.0, -10.0], "63CCCLXXX": [-54.28013, 71.30027], "57CCCLV": [-18.94749, 67.1079], "32CCCXLIV": [-47.77978, -17.8739], "72CCCLIII": [-32.0, 82.0], "47CCCLXXX": [-34.68311, -93.27515], "67CCCLXIX": [-109.28795, 213.77473], "58CCCXCIV": [55.40395, 59.81957], "86CCCLXXXVI": [82.36094, 22.00537], "28CCCLXXVIII": [-56.0, -79.0], "50CCCLXXX": [36.73573, 54.31781], "68CCCLXXXV": [52.65568, 55.57074], "79CCCLXII": [55.0, -82.0], "83CCCLXXVIII": [97.0, 7.0], "81CCCLXXXI": [47.0, -45.0], "71CCCLXXI": [-1.11728, -87.92226], "8CCCLXXXVI": [-95.0, 41.0], "0CCCXX": [-18.0, -10.0], "18CCCLXXXIII": [35.93025, 45.53489], "83CCCLXXXII": [-40.05639, 77.28384], "53CCCXCV": [99.0, 65.0], "63CCCLXXXIX": [11.0, 1.0], "0CCCXXI": [-76.10748, 40.02053], "8CCCXC": [-38.0, -91.0], "54CCCLXXII": [33.0, 34.0], "33CCCLXXXVI": [5.79673, 21.74172], "35CCCLVIII": [175.70098, -237.35057], "60CCCLXXXIII": [-17.77375, 10.29376], "20CCCLXXVI": [-17.66362, 40.18877], "73CCCLXXII": [-20.10293, 96.0095], "97CCCLXXVII": [-135.57434, -642.97986], "45CCCXCI": [-76.80867, 79.12129], "57CCCLXVIII": [8.23081, -15.02803], "88CDXXXIV": [9.31593, -22.4964], "63CCCXCVII": [-75.0, -15.0], "33CCCXC": [47.0, -81.0], "99CCCXCVI": [-45.0, 24.0], "24CCCLVII": [68.20249, 35.34817], "23CDXXI": [-11.74462, 58.83446], "79CCCLXX": [-92.88693, 96.36954], "78CCCLXIII": [70.0, -12.0], "63CCCXCVIII": [25.06578, -26.46796], "8CCCXCVII": [229.4906, -451.06343], "19CDXVII": [21.77647, -40.52125], "30CCCLXXVIII": [-30.0, -42.0], "21CDXXIV": [-153.63389, 113.20496], "58CDVI": [31.0, -67.0], "89CCCLXXVI": [-24.5098, 77.53218], "70CCCLXXXIV": [3.96372, -137.45661], "44CCCLXVI": [241.31263, 175.18379], "57CCCLXXII": [-101.35927, 152.13529], "85CCCL": [109.6681, 52.56172], "64CCCLIII": [-16.11354, 40.0307], "60CCCLXXXIX": [-7.0, -99.0], "81CCCXCII": [-52.0, 49.0], "62CCCLXXX": [-38.35855, 82.36654], "22CCCLXXXVII": [-15.33321, -47.93759], "97CCCLXXXII": [48.55265, 94.09412], "27CCCLXXVI": [116.46637, 19.8544], "0CCCXXVIII": [29.67004, 44.48866], "65CDVI": [-17.16928, 96.10969], "32CCCLVI": [-92.51341, -55.47708], "77CDXIX": [75.0, -10.0], "12CCCXCVII": [78.0, -42.0], "23CDXXVIII": [36.91845, -57.19494], "60CCCXCI": [73.0, 64.0], "7CCCLXXV": [-92.0, -60.0], "95CCCXCVIII": [60.0, -46.0], "27CCCLXXVII": [-76.16422, 43.4635], "63CDIII": [16.93664, -482.30225], "24CCCLXIV": [36.89174, -79.0], "86CDI": [-100.59169, -205.08703], "70CCCLXXXVII": [40.70709, -43.5325], "98CDVIII": [75.23053, 1.43661], "75CDX": [-76.0, 44.0], "31CCCLXXXIII": [8.98422, 75.15891], "23CDXXX": [78.49657, -14.31471], "97CCCLXXXIV": [-9.69552, -47.73176], "45CDIII": [-322.65934, -48.12826], "30CCCLXXXVI": [27.70226, 4.72683], "36CCCLXXXII": [322.78609, -410.00671], "77CDXXII": [87.0, -17.0], "80CCCLXXIX": [39.84287, 73.76431], "19CDXXIV": [198.93743, -307.34277], "53CDVII": [-65.0, 92.0], "52CCCLXXXVIII": [76.61219, -200.76521], "15CCCXXII": [19.43862, 92.50992], "65CDXI": [-21.0, 64.0], "75CDXIV": [-73.90279, -90.47627], "99CD": [-71.31279, -3.53612], "35CCCLXXI": [-109.2626, -211.26346], "25CCCXCIX": [28.00301, 90.77876], "82CCCLXVI": [-333.13133, -0.0378], "46CCCLXXXIX": [-164.5752, 291.40024], "68CDIII": [62.52653, -36.78172], "69CDXXII": [-92.14224, 2.92673], "82CCCLXVII": [-51.58666, -53.82903], "21CDXXIX": [-13.62, -50.1165], "18CCCXCIII": [9.0, 94.0], "54CCCLXXXII": [-7.40478, -166.35437], "60CCCXCVI": [-104.97605, -27.21817], "29CCCLXXVIII": [-18.38435, 42.57805], "36CCCLXXXVII": [5.3903, -67.96322], "98CDX": [-27.13118, -31.00877], "50CD": [-728.00875, 56.00417], "60CCCXCVII": [32.30386, 402.74367], "18CCCXCV": [-67.49591, 93.12609], "26CDXX": [-96.71851, -37.83147], "88CDXLI": [-85.88433, -72.87809], "64CCCLX": [-87.39265, 8.53264], "14CDXX": [170.81979, -3.43484], "22CCCXC": [8.05515, 75.86944], "20CCCXCI": [-32.20749, -1.07058], "3CCCLXXXV": [10.20252, 56.39232], "71CCCLXXIX": [-29.77098, -97.86658], "89CCCLXXXII": [-230.21568, 284.71475], "21CDXXXII": [27.16947, 97.97573], "21CDXXXIII": [33.34758, -32.27391], "68CDV": [-59.87642, -30.74057], "10CDXXVII": [10.96133, -65.70127], "58CDXII": [-79.4688, 32.05292], "38CCCLIX": [-117.23611, 247.96913], "17CCCLXXIV": [-107.26977, -31.64546], "46CCCXCI": [-14.15069, 35.2368], "3CCCLXXXVI": [-15.49182, 110.02448], "72CCCLXXVI": [34.15294, -56.9479], "26CDXXI": [108.0781, -83.67864], "63CDVIII": [-21.93012, -9.84953], "39CDXXXVI": [-52.0, -52.0], "98CDXI": [-59.34214, -49.12834], "70CCCXCI": [-13.93895, -12.63794], "9CDXIX": [121.74486, 34.87865], "66CCCXCI": [111.94144, 8.77575], "15CCCXXIV": [28.35699, -20.29433], "70CCCXCII": [-85.15776, 14.45091], "54CCCLXXXV": [-30.9696, 11.53784], "13CCCLXI": [34.07952, -30.35142], "62CCCXCI": [127.38319, -182.64723], "38CCCLXII": [421.78076, 89.70853], "50CDII": [27.9198, -43.15377], "29CCCLXXXII": [-95.11178, 214.08603], "77CDXXVI": [31.9062, 2.90624], "48CCCLXXXV": [82.76108, 86.0977], "28CCCXCV": [6.92961, -82.74237], "91CDXXIV": [-41.78767, 12.56715], "15CCCXXV": [73.97944, 115.05752], "24CCCLXVII": [54.72333, 32.96073], "57CCCLXXVII": [76.0, -89.0], "96CCCXCVI": [39.30043, 59.11634], "52CCCXC": [-76.92117, -27.25475], "11CCCLXXXIV": [-23.0, 93.0], "58CDXIII": [3.26891, 272.6792], "51CCCLXXXI": [-61.079, 119.46652], "50CDIV": [-63.0, -35.0], "65CDXIV": [110.31414, 45.51126], "78CCCLXIX": [-94.43001, -67.21084], "72CCCLXXVIII": [-142.70633, 181.70792], "10CDXXIX": [114.68912, 21.37707], "53CDXIII": [41.31436, -85.95707], "8CDXVI": [-30.91393, 179.4987], "37CCCLXXXVII": [-84.69095, -65.09347], "67CCCLXXXIX": [-73.33984, -86.03326], "65CDXV": [3.2816, -67.52512], "49CCCXCII": [107.1887, 40.88359], "33CDV": [-28.01572, -93.9519], "32CCCLXIII": [-117.46271, -44.26209], "94CCCXCVI": [-43.0, 66.0], "15CCCXXVI": [55.78175, -99.59658], "17CCCLXXV": [63.88278, 221.92549], "93CDV": [145.13736, 90.22259], "81CCCXCVI": [11.64071, 228.9405], "79CCCLXXIX": [-173.39763, 12.38976], "46CCCXCIV": [142.65822, -156.88732], "77CDXXVII": [18.095, 183.63345], "53CDXIV": [-21.0, 46.0], "92CCCLXIII": [-75.36082, 79.40845], "93CDVI": [23.8449, -23.08356], "3CCCLXXXVIII": [4.08779, 86.10199], "79CCCLXXX": [-119.17382, -87.79654], "38CCCLXV": [-148.75713, 245.76905], "37CCCLXXXVIII": [184.91502, 104.85328], "36CCCLXXXVIII": [-8.15808, -50.78699], "47CDII": [48.31535, 72.56638], "24CCCLXXI": [132.10579, 9.05029], "81CCCXCVII": [23.94906, -1.31554], "93CDVII": [-49.56027, -66.45955], "32CCCLXIV": [-94.57069, 32.90222], "60CD": [-14.59547, -56.38777], "33CDVI": [-48.25554, -150.61112], "90CCCXCIII": [-95.75916, 39.24937], "51CCCLXXXII": [95.44913, 25.05322], "68CDVIII": [15.52038, 71.47162], "94CCCXCIX": [205.71767, 103.21218], "96CCCXCIX": [-153.70381, 65.69094], "42CCCLXI": [-40.70337, 78.62478], "65CDXVII": [8.76733, 157.60379], "62CCCXCIV": [140.26078, 166.14596], "86CDIV": [-163.00419, -140.70958], "55CCCLXIX": [46.71953, 10.30581], "78CCCLXX": [-36.44145, -93.53434], "71CCCLXXXII": [-28.2128, -93.62349], "8CDXVII": [35.47001, 8.83841], "26CDXXIV": [-187.01632, 52.52809], "69CDXXVII": [-64.3153, 93.83559], "2CDXVI": [-85.74807, 57.89041], "36CCCLXXXIX": [-73.09296, -141.31141], "49CCCXCIII": [-21.10385, 29.10784], "26CDXXV": [55.01783, 68.8966], "10CDXXXII": [72.7824, 65.44359], "82CCCLXXIII": [-63.6338, 93.12], "84CCCXCIII": [-208.58031, 128.73847], "95CDIII": [73.62448, -42.73263], "36CCCXC": [5.52708, 94.17622], "12CDI": [-59.01555, -185.34007], "35CCCLXXIII": [-9.96128, 63.86202], "41CCCLXXXIX": [-3.15094, -85.74875], "93CDVIII": [-50.86663, 96.77764],