{"organ": {"58": [-43.0, -35.0], "61IV": [-3.12072, -6.00337], "30": [-66.0, 67.0], "38": [-28.01904, 15.59282], "61II": [-3.0, 38.0], "80": [36.0, -13.0], "42II": [-76.79595, 28.99925], "45II": [-52.0, 63.0], "34": [30.41821, 152.9097], "43": [70.0, -50.0], "56III": [-70.0, -24.0], "75II": [-86.0, -64.0], "40": [11.45182, 23.00623], "71": [64.0, 19.0], "51": [13.43078, -17.85237], "12II": [-2.51404, 42.1744], "11": [9.0, -32.0], "46": [-21.72211, 14.46201], "11II": [-57.41929, -24.92149], "95": [80.08396, -16.5878], "24": [87.97028, -37.5845], "12III": [-63.0, -27.0], "12IV": [-71.0, 44.0], "43II": [-28.01904, 15.59282], "33": [13.0, 25.0], "64": [34.75813, -56.4675], "54": [-16.0, -37.0], "56II": [-58.0, -30.0], "97": [-5.0, -66.0], "12": [25.1962, 26.61061], "66": [54.0, -19.0], "21": [40.55283, -32.93684], "93": [89.88505, -63.11962], "94": [46.96265, -72.14621], "63": [-3.12072, -6.00337], "23": [-22.55705, -48.9673], "7": [-61.49286, 14.49153], "10": [-4.66098, 6.95298], "3": [-4.66098, 6.95298], "94II": [-2.12072, -5.00337], "47": [-4.12072, -7.00337], "42": [-55.22971, 19.63543], "99": [-29.01904, 14.59282], "61": [-28.01904, 15.59282]}, "plant": {"28II": [30, 51], "3": [71, 40], "2": [71, 40], "81II": [86, 21], "14": [15, 73], "78II": [-91, 11], "65": [-45, 74], "79III": [-85, -83], "25": [73, 70], "22": [-96, -55], "94": [2, 89], "48II": [85, 17], "31": [-90, -7], "66": [3, 86], "61": [-59, 48], "77II": [-99, 84], "48III": [-22, -100], "1II": [-89, 49], "26": [-97, 27], "88": [18, -82], "27": [83, -85], "54": [97, -91], "28III": [-35, -46], "54II": [87, -87], "60": [-91, 25], "8": [32, -99], "2II": [30, -68], "2III": [50, 75], "5": [-92, 58], "33": [-82, -73], "39": [0, 92], "3II": [-100, 16], "59": [86, -3], "20": [-91, 53], "35": [52, 72], "32": [69, 63], "51": [17, 65], "30": [-1, 51], "9III": [-33, -76], "13": [-29, 85], "38": [-75, 54], "54III": [1, 69], "16": [-19, -39], "0": [95, -69], "58": [-29, 37], "17": [-25, 49], "92": [-69, -3], "42": [-72, -24], "25II": [53, 49], "78": [-6, -29], "98": [-54, 5], "27II": [50, 77], "42II": [-55, 46], "72": [-19, 68], "64": [-43, -51], "87": [33, 12], "43": [-17, 66], "45": [95, 72], "29": [41, -14], "11": [-11, -100], "2IV": [54, -63], "15": [-27, 80], "10": [-7, -98], "3III": [-83, 1], "19": [-15, 93], "20II": [53, 86], "92II": [-77, -52], "57": [57, -83], "88II": [-43, 67], "32II": [67, -81], "74": [-3, 12], "22II": [46, -24]}}