{"organ": {"14": [6.01923, -9.40802], "23": [68.85613, -32.67372], "12": [-33.0, 8.0], "59": [22.0, -35.0], "85": [-1.0, -39.0], "79": [12.80883, 1.49176], "35": [72.0, -75.0], "11": [-10.0, -7.0], "7III": [15.01682, -11.69383], "9": [58.00015, -55.46604], "95": [29.52242, -75.55859], "71": [-73.0, -15.0], "2": [-2.0, -57.0], "82": [3.61499, -20.27571], "81": [-8.0, -13.0], "75": [-0.00497, -72.9731], "55": [64.0, -43.0], "24": [-20.0, -28.0], "15": [13.32251, -22.96634], "67": [-2.0, -15.0], "99": [-89.0, -37.0], "87II": [-6.05925, -56.77138], "37": [-6.16527, -65.39808], "26": [33.76863, 2.99691], "24II": [53.79077, -4.07161], "10": [-12.20346, -2.30124], "31": [19.41285, -42.79013], "9II": [43.0, -82.0], "97": [4.0, 8.0], "60": [69.54017, 21.87259], "45": [75.07031, 2.54426], "22": [0.0, 16.0], "59II": [-23.0, 31.0], "26II": [75.87131, 3.75377], "12II": [65.60717, -35.17348], "42": [53.1596, -2.20615], "66II": [52.0, -90.0], "36": [-20.0, -56.0], "9III": [51.0, -44.0], "97II": [-13.0, -68.0], "28": [18.29061, 14.79484], "7": [44.3696, 3.57538], "86": [16.68735, -12.60166]}, "plant": {"8": [-47, 39], "29III": [78, 30], "6": [-83, -79], "77": [82, 89], "86": [81, -76], "72": [-74, -84], "20": [61, -65], "29IV": [86, 97], "47III": [-61, 3], "40": [-97, -75], "17II": [-46, 2], "52": [-94, 47], "21": [68, 94], "94": [-39, 79], "64": [-51, 97], "19II": [-46, 32], "18": [40, 47], "16": [45, -87], "22": [-2, 83], "72II": [-72, -72], "97": [-81, 34], "22II": [-4, 23], "29V": [83, -69], "41": [90, 60], "88": [-48, -70], "72III": [-72, 8], "48": [-56, 72], "12": [57, 67], "77II": [57, 61], "6II": [-87, 87], "98": [-89, -73], "8II": [-82, -20], "83II": [-98, -90], "60": [-48, 3], "81": [24, 72], "21II": [64, 11], "59": [-85, -32], "17III": [-96, -46], "92": [26, 71], "97II": [-95, 49], "57II": [-85, 50], "99": [-84, -31], "15": [-81, 12], "50": [-31, -53], "92II": [-54, 18], "55": [-39, 52], "99II": [56, 28], "88II": [79, 97], "26": [15, 74], "86II": [-84, -97], "2": [27, -98], "43": [-96, -32], "56": [-46, -33], "32": [37, 72], "88III": [60, 82], "91": [65, 94], "19": [50, 13], "56II": [-44, -40], "21III": [34, 37], "74II": [0, -21], "63": [-19, 99], "61": [-95, -8], "70II": [16, 97], "75": [34, -81], "35": [2, 16], "27": [72, 27], "30": [-88, -77], "88IV": [37, -2], "5": [91, -73], "54": [-56, 24], "81II": [15, -13], "73": [-4, 17], "77III": [64, -88], "12II": [-54, -48], "15II": [93, 62], "1": [-41, -22], "76": [61, -62], "85": [43, 3], "92III": [29, 51], "0": [-92, -75], "9": [34, -42], "74": [-11, -68], "56III": [-78, -3], "93": [81, -35], "63II": [-78, -57], "51": [-92, -96], "6III": [-18, 0], "69": [76, -12], "1II": [4, -84], "86III": [-3, -5], "83": [-2, 98], "51II": [21, -52]}}