{"organ": {"97II": [0.54448, 60.73682], "78": [-37.26878, 3.69129], "10": [15.63135, 66.39765], "73": [-17.0, 74.0], "62": [-19.0, -9.0], "29II": [26.0, 12.0], "36": [27.0, 97.0], "67": [20.0, -42.0], "61": [-18.4527, 57.50564], "35IV": [-0.60059, 15.38697], "26": [-65.0, 74.0], "36II": [-94.0, 22.0], "51II": [-57.0, -39.0], "70III": [-4.0, 27.0], "26II": [23.69434, -31.09803], "63III": [37.72756, 44.89037], "29III": [-18.4527, 57.50564], "16": [23.69434, -31.09803], "68": [22.0, 83.0], "24II": [-1.87199, 15.52743], "26III": [-3.539, 42.342], "65": [16.05733, -8.02543], "88III": [75.0, -1.0], "74": [9.9191, 53.61917], "88IV": [-68.0, 65.0], "10II": [18.0, 51.0], "89III": [-33.0, 30.0], "57": [-31.20626, 54.95664], "82": [-8.24834, 71.19098], "5": [-3.539, 42.342], "74II": [-11.27877, 68.44878], "56III": [12.51025, 22.5641], "62III": [-2.0, -1.0], "10III": [18.7904, 43.67332], "59": [-22.90646, 27.5096], "34": [-23.0, 80.0], "4": [3.29948, 66.08079]}, "plant": {"98": [-16, -89], "82": [-73, 86], "30": [96, -87], "17II": [39, -8], "22": [-17, -42], "5II": [48, -65], "15": [-82, 71], "22II": [-84, 44], "45": [82, 54], "42II": [81, -85], "41III": [37, -70], "10": [-14, -77], "52": [-97, -29], "23": [53, -83], "90": [69, 48], "27III": [-29, -73], "8": [83, -97], "51II": [-88, 31], "54": [48, -29], "62": [25, -86], "8III": [-68, -16], "29": [86, -20], "87": [2, -98], "40": [-83, -66], "31": [60, 84], "64": [-88, 42], "91": [-25, -55], "65": [-80, -46], "83": [88, -7], "28": [29, -88], "80II": [-93, -61], "42III": [-67, -38], "82II": [-95, 24], "16": [65, 77], "41IV": [-55, -54], "7": [34, -59], "78": [29, -5], "95": [93, 75], "51": [-57, 93], "21": [-95, 54], "68": [52, 95], "25": [76, -93], "79": [39, -36], "7II": [97, 82], "49": [14, -58], "44": [-68, 79], "80III": [-38, 20], "25II": [56, -77], "58": [-68, 96], "8II": [62, -22], "85": [74, 17], "71": [85, -69], "96": [-62, -82], "16II": [-67, -96], "7III": [73, 72], "18": [88, -91], "97": [8, -78], "92": [38, 57], "69": [76, -81], "60": [20, -42], "13": [44, -61], "91II": [-86, 46], "63": [-52, 73], "27": [-3, 66], "68II": [-63, 64], "44II": [95, -57], "13II": [21, 32], "60II": [90, 19], "15II": [-71, 77], "87II": [-84, 26], "89": [63, 61], "97II": [-29, -57], "61": [0, 10], "75": [68, 2], "45II": [32, 33], "69II": [20, 66], "21II": [-64, -78], "6": [44, -61]}}