{"organ": {"0": [76.21329, 220.09609], "0VII": [-293.0, 89.0], "0VIII": [-67.97725, -30.91021], "0IX": [27.06801, -0.43845], "0X": [50.87197, 125.25889], "0XI": [-9.0, 57.0], "0XII": [111.60832, 252.51423], "0XV": [75.75377, 52.12869], "0XVI": [-69.75159, 23.14427], "0XVIII": [11.0, 119.0], "0XX": [37.17814, 44.50093], "0XXI": [-49.85464, 144.22231], "0XXII": [-149.79351, -88.32848], "0XXIV": [37.18183, 16.4144], "0XXV": [5.23487, 70.38275], "0XXVI": [-2.37236, 40.49497], "0XXIX": [-16.29488, 4.33199], "0XXX": [-104.73578, 74.70921], "0XXXII": [26.43789, 98.45172], "0XXXIII": [34.05841, 87.71314], "0XXXIV": [70.53258, 37.23026], "0XXXVIII": [37.17814, 44.50093], "0XXXIX": [41.1116, -14.23058], "0XL": [-104.73578, 74.70921], "0XLI": [-29.93932, 50.84994], "0XLIII": [-39.35123, -7.69693], "0XLIV": [194.72955, 6.06613], "0XLV": [5.6282, 50.30069], "0XLVI": [86.44183, 138.43807], "0XLVII": [36.51798, -2.18235], "0XLVIII": [46.47134, 136.86974], "79": [43.0854, 18.39741], "19": [28.18576, 54.02952], "6": [168.44903, -62.43224], "85II": [41.1116, -14.23058], "91": [-17.41879, 90.99269], "7": [47.07611, 40.25689], "96": [109.0, -41.0], "92": [-127.71903, -84.57106], "17": [-106.0195, -112.07497], "58": [18.57396, 67.40467], "55": [16.54368, 109.49213], "40": [46.82317, 29.38926], "5": [10.29297, 37.23128], "0LI": [15.27192, 117.2517], "86": [-61.72253, 104.65962], "46": [-67.81422, 58.29339], "88": [-59.47117, 67.57519], "73": [72.17545, 88.29819], "70": [37.0, 86.0], "93": [92.0, 69.0], "81": [51.3822, 100.20749], "64": [19.19896, 106.11284], "71": [49.0, 24.0], "65": [85.08539, 90.78638], "5II": [25.0, 88.0], "22": [39.17562, -1.08282], "50": [49.0, -30.0], "82": [16.16803, 46.48195], "32": [23.5369, 30.58819], "84": [-106.70532, 71.97389], "64II": [-110.02173, 68.23204]}, "plant": {"15II": [-1, -107], "67II": [150, -49], "20III": [-134, 297], "28III": [-41, 86], "13II": [120, 5], "12III": [65, 190], "77III": [39, -82], "27II": [51, -89], "50II": [-282, -91], "93II": [46, 2], "99II": [13, -242], "3III": [-18, 245], "14II": [246, -223], "31III": [-5, 287], "23II": [-242, -65], "25III": [265, 206], "52IV": [98, -250], "71III": [-226, 297], "40V": [-125, -275], "1II": [299, -245], "34II": [-4, -39], "73IV": [291, 81], "8II": [-162, 119], "68III": [-202, -159], "61III": [181, -161], "7III": [-86, 51], "86II": [92, -279], "44IV": [-18, -44], "91II": [-285, 59], "32II": [-112, -44], "72III": [-238, -158], "47III": [180, 267], "46II": [207, -105], "17IV": [242, -14], "18II": [230, -122], "81IV": [171, 298], "33II": [-109, -245], "45II": [-43, 281], "22II": [-61, -207], "97II": [-285, 199], "96II": [97, -42], "36II": [160, 101], "11III": [73, -145], "92IV": [-161, -170], "60V": [-85, 59], "26II": [281, -259], "57II": [103, -227], "69V": [-73, 130], "54III": [30, -76], "0II": [-282, 66], "21IV": [2, 215], "88II": [130, -255], "89II": [-160, 162], "42II": [-6, 128], "83IV": [-278, 288], "4II": [-200, 37], "70III": [-217, 19], "49III": [-244, 180], "56II": [82, -277], "19III": [-262, 38], "16II": [132, 113], "35II": [50, -15], "65III": [250, 241], "59III": [186, -197], "41II": [-278, -117], "39II": [-266, -226], "74II": [-96, 142], "64IV": [-244, 68], "62II": [-193, 245], "6II": [26, 26], "30II": [39, -97], "84IV": [57, -155], "24IV": [268, 198], "69IV": [167, -145], "5II": [123, -58], "49II": [207, 279], "55II": [43, 82], "17III": [-105, -110], "84III": [-15, -139], "55VI": [234, -2], "54II": [-196, 77], "83III": [-166, -132], "37XI": [-178, 278], "85V": [45, 275], "94III": [229, 234], "24III": [245, 120], "66III": [195, 251], "87II": [170, -164], "94V": [177, 44], "29XIII": [-26, -181], "37XIII": [111, -92], "85XIII": [-295, -27], "5XIII": [261, 212], "5XIV": [-252, -159], "41": [280, -270], "40IV": [-73, -284], "43III": [-73, -263], "29XII": [-121, 284], "43IV": [-98, -286], "34": [-203, -129], "10II": [141, -184], "94IV": [-151, -270], "5XV": [219, 248], "90": [-192, 134], "2XVII": [-66, -173], "10III": [177, 116], "66V": [42, -259], "66VII": [109, 77], "38IV": [-239, 55], "82XIV": [211, -260], "37XIV": [149, -28], "2XVIII": [84, 243], "38V": [-96, -299], "79XXV": [228, -136], "79XXVI": [-168, 88], "82XV": [174, -259], "66VIII": [46, -85], "10IV": [-205, -262], "43V": [-214, -11], "66IX": [-214, -259], "82XVI": [299, 63], "2XIX": [285, 135], "82XVII": [-80, 92], "2XX": [-85, 88], "2XXI": [-30, 244], "5XVI": [203, 180], "87V": [-4, 150], "66X": [-5, -64], "85XIV": [-27, -197], "82XVIII": [-152, 66], "43VI": [43, -269], "43VII": [290, -241], "10V": [-80, -103], "5XVII": [-21, -222], "85XV": [-262, 239], "66XI": [117, 69], "87VI": [-248, 21], "87VII": [-287, 175], "82XIX": [-242, 145], "79XXVII": [26, -64], "38VI": [-6, 235], "87VIII": [-236, 87], "2XXII": [-114, 242], "38VII": [-295, -241], "66XII": [-134, 33], "2XXIII": [73, 219], "66XIII": [48, -296], "79XXVIII": [-177, 274], "43VIII": [-18, 299], "87IX": [52, 256], "87X": [222, 94], "82XX": [-63, 136], "85XVI": [-295, -128], "87XII": [220, -185], "5": [-229, 100], "53": [-19, 126], "3": [-59, -195], "83": [-224, 87], "99": [-199, -10], "31": [106, -247], "18": [265, 281], "17": [-101, -156], "15": [-199, -14], "84": [70, 168], "75": [45, -256], "54": [-112, 144], "20": [219, 198], "69": [108, 116], "44": [206, -213], "98": [215, 16], "72": [161, 181], "80": [114, 236], "77": [36, 202], "4": [56, 119], "39": [-196, 121], "92": [-37, -114], "81": [-102, -179], "8": [67, -264], "93": [-175, 229], "12": [-142, 285], "9": [-215, 13], "91": [-293, -132], "79": [19, -290], "22": [190, -40], "80II": [158, -3], "20II": [50, 178], "77II": [10, -212], "84II": [-38, -207], "83II": [-114, 203], "60": [-145, 192], "28": [89, -60], "59": [43, 15], "12II": [220, 242], "79II": [-37, 32], "28II": [93, -151], "17II": [275, -166], "57": [181, -84], "36": [-276, 105], "64": [191, -70], "60II": [20, -83], "51": [205, 50], "38II": [-137, 160], "63": [-162, 136], "94": [194, -182], "31II": [288, -103], "43": [-59, -107], "61": [159, -269], "98II": [-234, 260], "51II": [272, 81], "94II": [-19, -296], "72II": [-293, -139], "40": [-219, 105], "35": [289, -94], "76": [-269, -174], "73II": [-184, -260], "66": [-176, 36], "85": [-236, -102], "92II": [-150, 189], "59II": [-231, -107], "7": [289, 152], "61II": [256, -35], "79III": [23, -243], "81II": [262, 136], "65": [243, 258], "44II": [-278, -135], "44III": [-46, 45], "21": [74, 205], "79IV": [-82, -215], "38III": [-83, 204], "81III": [71, 174], "64II": [-249, -185], "71": [20, 195], "16": [47, -262], "70": [-240, -195], "65II": [126, -137], "80III": [176, -121], "3II": [98, -152], "87XIV": [-213, 72], "10VI": [-156, -9], "29": [194, 283], "69II": [163, 160], "2": [101, 134], "25": [-181, 5], "69III": [-250, -85], "25II": [-173, -298], "50": [-60, 206], "92III": [-137, -212], "66II": [173, 141], "10VII": [-271, -236], "9II": [144, 299], "26": [68, 224], "40II": [-260, 71], "78": [-251, -253], "37": [-282, -148], "67": [-74, 250], "85II": [162, 206], "19": [161, 72], "24": [-251, -116], "71II": [185, -124], "49": [176, 232], "51III": [-140, 107], "70II": [-171, -181], "63II": [233, -137], "9III": [-296, -26], "87XV": [163, 171], "73III": [-233, -230], "19II": [200, -93], "79VI": [-143, 78], "82III": [-186, 166], "10VIII": [197, 167], "51IV": [227, -156], "63III": [234, 296], "0": [0, 44], "68": [8, -22], "13": [139, -298], "10IX": [189, -259], "2II": [90, -265], "9IV": [251, 238], "40III": [-259, -153], "37II": [289, 173], "80IV": [292, -34], "2III": [-174, -47], "7II": [-47, 282], "30": [-110, 35], "55": [-167, -187], "21II": [48, 284], "11": [-85, 35], "63IV": [202, 67], "87XVI": [178, 151], "63V": [-242, -8], "43II": [56, 221], "24II": [-292, 36], "80V": [-251, 242], "80VI": [161, -251], "82IV": [106, -70], "10X": [127, -215], "82V": [167, 273], "85III": [171, -147], "60III": [164, -240], "60IV": [-271, 146], "80VII": [115, -196], "80VIII": [280, 65], "2IV": [-243, 80], "37III": [-38, -205], "2V": [-20, 193], "11II": [6, -283], "82": [148, 255], "87": [-32, 27], "85IV": [-108, 61],