{"organ": {"garry": [-15.0, 58.0], "35": [-40.61392, 31.10978], "47": [-3.0, 5.0], "43": [-26.0, 4.0], "14": [-36.5906, -7.00322], "66": [-31.49926, 29.87726], "74": [-12.93763, -5.24312], "72": [9.43335, -9.15525], "45": [58.92019, -5.17987], "78": [19.0, -73.0], "40": [18.1283, 65.2903], "53": [-28.0, 6.0], "21": [-31.48627, 37.71981], "49": [-9.0, 21.0], "79": [73.53902, 18.55498], "80": [-17.90082, -66.03023], "8": [70.0, 20.0], "48": [-24.8341, -15.97821], "41": [96.0, -43.0], "47II": [-2.0, 44.0], "2": [-12.95826, 20.90903], "43II": [95.0, 40.0], "52": [66.56261, 26.85092], "32": [72.0, -56.0], "80II": [92.0, -8.0], "19": [12.27309, 23.31757], "44": [21.93893, 16.50397]}, "plant": {"70II": [14, 72], "61II": [0, 86], "38III": [91, -71], "60": [-62, 84], "61": [-44, 78], "79": [-70, 77], "43": [-23, 94], "27": [-100, 28], "82II": [-66, 78], "53II": [-54, 10], "52II": [-27, 67], "48II": [-46, -74], "51": [99, -59], "2II": [63, -98], "90": [-27, -65], "87": [-47, 68], "8II": [-13, 90], "29III": [-27, -89], "60II": [-64, 19], "1": [88, -76], "79II": [-66, 76], "72": [11, -61], "9": [-13, -75], "29IV": [45, -43], "45": [-95, 63], "56": [-35, -13], "78": [-2, 77], "94": [-100, 98], "0II": [96, 52], "28II": [-74, 79], "2": [88, -84], "89": [78, -57], "78II": [-49, -38], "58": [-81, -46], "3": [-47, 49], "77": [8, -56], "48": [-19, -96], "32": [-56, 85], "69III": [-36, -67], "36": [-30, 87], "96": [-81, -25], "10": [28, -63], "41": [-51, 43], "40": [-48, 69], "43II": [38, -31], "97II": [-16, -51], "99": [99, -38], "73": [-38, -77], "45II": [-44, -94], "40II": [13, 6], "26": [-23, 71], "29": [-64, 94], "22": [-14, -88], "17II": [-67, -97], "11": [-85, 75], "81": [-15, 61], "65": [90, -93], "21": [11, 75], "53IV": [-80, -25], "50": [68, 77], "18": [-10, 75], "65II": [86, -70], "24": [72, 3], "44": [-18, -41], "82": [93, -18], "40III": [81, -99], "59": [-7, -2], "57": [-88, -64], "15": [-19, -8], "44II": [17, 83], "90II": [-46, -2], "50II": [-42, -28], "30": [-3, -70], "58II": [-88, 42], "98": [29, 78], "10II": [-100, -67], "68": [-16, -60], "93": [83, -78], "84": [-59, 49], "60III": [-51, -52], "28": [22, -9], "95": [-7, -37], "62": [58, 57], "77II": [89, -48], "87II": [-9, -47], "22II": [-49, -18], "63": [-96, -81]}}