{"organ": {"5": [31.0, -38.0], "33": [12.36331, 24.84537], "86II": [89.0, -6.0], "35II": [7.33215, 56.7657], "30": [26.86527, -31.72909], "20II": [43.15201, -12.776], "65II": [18.27768, 4.67935], "34": [60.76452, -5.64719], "42": [-42.9063, 73.10989], "49II": [37.40077, 22.31747], "63III": [18.83291, 39.73156], "47II": [-34.07874, -4.25065], "26": [-19.30882, 57.3756], "90": [18.27768, 4.67935], "71II": [-7.0, 12.0], "55": [48.0, 66.0], "98": [10.00144, -28.22637], "76": [25.0, 84.0], "54": [2.0, 38.0], "13II": [0.0, 39.0], "73": [36.76452, 17.46876]}, "plant": {"48II": [-63, 27], "27II": [77, 58], "20": [97, 32], "18": [-66, 81], "27III": [3, -82], "86II": [24, -93], "44III": [74, 85], "28": [-59, 73], "86III": [-98, 77], "78": [-69, -45], "66II": [-100, 56], "57": [96, 93], "48III": [93, 57], "67": [-1, -66], "95": [82, 68], "3": [-95, 48], "69": [-45, 37], "96": [80, -65], "82": [58, 29], "70": [59, 59], "41": [-64, -86], "83": [-64, -16], "7": [-42, -2], "63": [-54, -75], "39II": [-23, -60], "51": [-34, 62], "7II": [-100, -3], "57II": [-67, -74], "96II": [97, 36], "35": [79, -49], "69II": [9, -75], "93": [-61, 13], "10": [-62, 54], "18II": [-70, -34], "25": [57, -68], "13II": [-63, 16], "60": [-52, -86], "58": [89, -11], "32II": [97, -5], "45III": [-45, -80], "85": [77, 8], "83II": [-8, 76], "81": [-50, 0], "90": [-82, 28], "11": [-10, 75], "89": [-6, -19], "3II": [0, 93], "53": [-8, -48], "70II": [51, -88], "64": [83, 8], "62": [-38, 21], "21II": [57, 70], "34": [-17, -15], "34II": [-77, 21], "56": [90, -72], "30": [86, 57], "36": [-14, 69], "18III": [86, -14], "52": [-64, -68], "72": [-90, -54], "33": [15, 70], "11II": [65, 27], "36II": [-57, 91], "60II": [-34, -99], "51II": [-48, 88], "88": [60, 55], "67II": [-83, 51], "50": [-39, -59], "72II": [-1, 46], "30II": [-40, 8], "94": [-96, 84], "93II": [6, 82], "68": [-85, 7], "57III": [-47, -40], "95II": [-100, -61], "97": [1, 14], "64II": [-29, -94], "42": [-47, 70], "49": [45, 26], "85II": [46, -93], "31": [-80, -59], "37": [-28, 74], "97II": [79, 49], "8": [31, -49], "10II": [-74, 29], "10III": [56, -41], "7III": [45, 99], "11III": [-27, 68], "38": [-67, 66], "6": [56, 27], "43": [48, -88], "24": [-83, 11], "46": [-50, 72], "42II": [-72, 31], "64III": [-83, -50], "60III": [99, 74], "34III": [-93, 29]}}